date,affiliate_id,affiliate_name,niche,clicks,conversions,conversion_rate,epc,revenue,commission
2026-04-04,aff_001,TechReviewPro,electronics,2111,71,0.0338,0.4751,677.67,54.21
2026-04-04,aff_002,GadgetGuru,electronics,1620,41,0.0259,0.3645,306.11,24.49
2026-04-04,aff_003,HomeEssentials,home,1820,52,0.0291,0.4095,434.07,34.73
2026-04-04,aff_004,FitLifeDeals,fitness,1778,50,0.0285,0.4002,404.95,32.4
2026-04-04,aff_005,BudgetBuyer,general,3283,57,0.0175,0.197,226.57,18.13
2026-04-04,aff_006,PremiumPickz,luxury,1284,87,0.0685,1.2045,2119.56,169.56
2026-04-04,aff_007,EcoFriendlyShop,sustainability,2313,85,0.037,0.5206,891.54,71.32
2026-04-04,aff_008,PetParadise,pets,1669,44,0.0267,0.3756,334.96,26.8
2026-04-05,aff_001,TechReviewPro,electronics,1937,60,0.031,0.4359,523.56,41.88
2026-04-05,aff_002,GadgetGuru,electronics,1618,41,0.0259,0.3641,305.14,24.41
2026-04-05,aff_003,HomeEssentials,home,1774,50,0.0284,0.3994,402.38,32.19
2026-04-05,aff_004,FitLifeDeals,fitness,2004,64,0.0321,0.451,579.63,46.37
2026-04-05,aff_005,BudgetBuyer,general,2431,31,0.013,0.1459,92.01,7.36
2026-04-05,aff_006,PremiumPickz,luxury,1055,59,0.0563,0.9895,1175.23,94.02
2026-04-05,aff_007,EcoFriendlyShop,sustainability,2119,71,0.0339,0.477,685.64,54.85
2026-04-05,aff_008,PetParadise,pets,2035,66,0.0326,0.4581,607.34,48.59
2026-04-06,aff_001,TechReviewPro,electronics,1776,50,0.0284,0.3997,403.49,32.28
2026-04-06,aff_002,GadgetGuru,electronics,2057,67,0.0329,0.463,627.03,50.16
2026-04-06,aff_003,HomeEssentials,home,2247,80,0.036,0.5057,817.24,65.38
2026-04-06,aff_004,FitLifeDeals,fitness,1605,41,0.0257,0.3612,297.76,23.82
2026-04-06,aff_005,BudgetBuyer,general,3366,60,0.018,0.202,244.22,19.54
2026-04-06,aff_006,PremiumPickz,luxury,1295,89,0.0691,1.2142,2172.11,173.77
2026-04-06,aff_007,EcoFriendlyShop,sustainability,1872,56,0.03,0.4212,472.44,37.8
2026-04-06,aff_008,PetParadise,pets,1724,47,0.0276,0.388,369.09,29.53
2026-04-07,aff_001,TechReviewPro,electronics,2365,89,0.0379,0.5323,953.03,76.24
2026-04-07,aff_002,GadgetGuru,electronics,1850,54,0.0296,0.4164,456.16,36.49
2026-04-07,aff_003,HomeEssentials,home,1674,44,0.0268,0.3767,337.83,27.03
2026-04-07,aff_004,FitLifeDeals,fitness,1677,45,0.0268,0.3774,339.72,27.18
2026-04-07,aff_005,BudgetBuyer,general,3416,62,0.0182,0.205,255.26,20.42
2026-04-07,aff_006,PremiumPickz,luxury,1249,83,0.0667,1.1717,1950.9,156.07
2026-04-07,aff_007,EcoFriendlyShop,sustainability,2245,80,0.0359,0.5053,815.18,65.21
2026-04-07,aff_008,PetParadise,pets,2183,76,0.0349,0.4914,749.56,59.96
2026-04-08,aff_001,TechReviewPro,electronics,2028,65,0.0325,0.4565,601.11,48.09
2026-04-08,aff_002,GadgetGuru,electronics,2346,88,0.0375,0.528,930.26,74.42
2026-04-08,aff_003,HomeEssentials,home,1902,57,0.0304,0.4281,495.84,39.67
2026-04-08,aff_004,FitLifeDeals,fitness,2041,66,0.0327,0.4594,612.53,49.0
2026-04-08,aff_005,BudgetBuyer,general,3395,61,0.0181,0.2037,250.48,20.04
2026-04-08,aff_006,PremiumPickz,luxury,1256,84,0.067,1.1783,1984.19,158.74
2026-04-08,aff_007,EcoFriendlyShop,sustainability,2289,83,0.0366,0.5151,863.79,69.1
2026-04-08,aff_008,PetParadise,pets,2061,67,0.033,0.4639,630.87,50.47
2026-04-09,aff_001,TechReviewPro,electronics,2163,74,0.0346,0.4868,729.06,58.32
2026-04-09,aff_002,GadgetGuru,electronics,1609,41,0.0258,0.3621,300.06,24.0
2026-04-09,aff_003,HomeEssentials,home,1782,50,0.0285,0.401,407.58,32.61
2026-04-09,aff_004,FitLifeDeals,fitness,1831,53,0.0293,0.4121,442.22,35.38
2026-04-09,aff_005,BudgetBuyer,general,2495,33,0.0133,0.1497,99.46,7.96
2026-04-09,aff_006,PremiumPickz,luxury,1071,61,0.0572,1.0048,1230.18,98.41
2026-04-09,aff_007,EcoFriendlyShop,sustainability,1680,45,0.0269,0.3782,341.72,27.34
2026-04-09,aff_008,PetParadise,pets,1822,53,0.0292,0.41,435.67,34.85
2026-04-10,aff_001,TechReviewPro,electronics,2108,71,0.0337,0.4744,674.79,53.98
2026-04-10,aff_002,GadgetGuru,electronics,1854,54,0.0297,0.4172,458.85,36.71
2026-04-10,aff_003,HomeEssentials,home,1896,57,0.0303,0.4266,490.81,39.26
2026-04-10,aff_004,FitLifeDeals,fitness,1767,49,0.0283,0.3977,397.5,31.8
2026-04-10,aff_005,BudgetBuyer,general,2720,39,0.0145,0.1632,128.83,10.31
2026-04-10,aff_006,PremiumPickz,luxury,1409,105,0.0752,1.3215,2799.62,223.97
2026-04-10,aff_007,EcoFriendlyShop,sustainability,2118,71,0.0339,0.4766,684.36,54.75
2026-04-10,aff_008,PetParadise,pets,2087,69,0.0334,0.4696,654.68,52.37
2026-04-11,aff_001,TechReviewPro,electronics,1736,48,0.0278,0.3908,377.08,30.17
2026-04-11,aff_002,GadgetGuru,electronics,2132,72,0.0341,0.4798,697.97,55.84
2026-04-11,aff_003,HomeEssentials,home,1730,47,0.0277,0.3894,373.11,29.85
2026-04-11,aff_004,FitLifeDeals,fitness,1903,57,0.0305,0.4283,496.49,39.72
2026-04-11,aff_005,BudgetBuyer,general,3587,68,0.0191,0.2152,295.45,23.64
2026-04-11,aff_006,PremiumPickz,luxury,1267,85,0.0676,1.188,2034.54,162.76
2026-04-11,aff_007,EcoFriendlyShop,sustainability,2045,66,0.0327,0.4603,616.1,49.29
2026-04-11,aff_008,PetParadise,pets,2147,73,0.0344,0.4832,713.03,57.04
2026-04-12,aff_001,TechReviewPro,electronics,2274,82,0.0364,0.5117,846.86,67.75
2026-04-12,aff_002,GadgetGuru,electronics,2161,74,0.0346,0.4864,726.99,58.16
2026-04-12,aff_003,HomeEssentials,home,1783,50,0.0285,0.4012,408.23,32.66
2026-04-12,aff_004,FitLifeDeals,fitness,1625,42,0.026,0.3658,309.21,24.74
2026-04-12,aff_005,BudgetBuyer,general,2778,41,0.0148,0.1667,137.26,10.98
2026-04-12,aff_006,PremiumPickz,luxury,1088,63,0.0581,1.0205,1289.13,103.13
2026-04-12,aff_007,EcoFriendlyShop,sustainability,1768,50,0.0283,0.398,398.26,31.86
2026-04-12,aff_008,PetParadise,pets,2354,88,0.0377,0.5297,939.45,75.16
2026-04-13,aff_001,TechReviewPro,electronics,2301,84,0.0368,0.5177,877.24,70.18
2026-04-13,aff_002,GadgetGuru,electronics,1796,51,0.0287,0.4041,417.2,33.38
2026-04-13,aff_003,HomeEssentials,home,2124,72,0.034,0.478,690.14,55.21
2026-04-13,aff_004,FitLifeDeals,fitness,1916,58,0.0307,0.4312,506.7,40.54
2026-04-13,aff_005,BudgetBuyer,general,3497,65,0.0187,0.2098,273.77,21.9
2026-04-13,aff_006,PremiumPickz,luxury,1180,74,0.0629,1.1065,1643.73,131.5
2026-04-13,aff_007,EcoFriendlyShop,sustainability,1811,52,0.029,0.4077,428.08,34.25
2026-04-13,aff_008,PetParadise,pets,1797,51,0.0288,0.4044,417.95,33.44
2026-04-14,aff_001,TechReviewPro,electronics,2049,67,0.0328,0.461,619.44,49.56
2026-04-14,aff_002,GadgetGuru,electronics,1749,48,0.028,0.3937,385.59,30.85
2026-04-14,aff_003,HomeEssentials,home,2067,68,0.0331,0.4652,636.26,50.9
2026-04-14,aff_004,FitLifeDeals,fitness,2318,85,0.0371,0.5216,896.95,71.76
2026-04-14,aff_005,BudgetBuyer,general,2879,44,0.0154,0.1728,152.75,12.22
2026-04-14,aff_006,PremiumPickz,luxury,1065,60,0.0568,0.9987,1208.57,96.69
2026-04-14,aff_007,EcoFriendlyShop,sustainability,2398,92,0.0384,0.5396,992.87,79.43
2026-04-14,aff_008,PetParadise,pets,2007,64,0.0321,0.4517,582.43,46.59
2026-04-15,aff_001,TechReviewPro,electronics,1672,44,0.0268,0.3764,336.84,26.95
2026-04-15,aff_002,GadgetGuru,electronics,1577,39,0.0252,0.355,282.61,22.61
2026-04-15,aff_003,HomeEssentials,home,1687,45,0.027,0.3797,345.98,27.68
2026-04-15,aff_004,FitLifeDeals,fitness,2101,70,0.0336,0.4729,668.35,53.47
2026-04-15,aff_005,BudgetBuyer,general,3350,59,0.0179,0.201,240.68,19.25
2026-04-15,aff_006,PremiumPickz,luxury,1162,72,0.062,1.09,1570.7,125.66
2026-04-15,aff_007,EcoFriendlyShop,sustainability,1650,43,0.0264,0.3714,323.76,25.9
2026-04-15,aff_008,PetParadise,pets,1905,58,0.0305,0.4287,497.91,39.83
2026-04-16,aff_001,TechReviewPro,electronics,2396,91,0.0384,0.5393,991.1,79.29
2026-04-16,aff_002,GadgetGuru,electronics,1942,60,0.0311,0.437,527.52,42.2
2026-04-16,aff_003,HomeEssentials,home,2376,90,0.038,0.5348,966.47,77.32
2026-04-16,aff_004,FitLifeDeals,fitness,2288,83,0.0366,0.5149,862.85,69.03
2026-04-16,aff_005,BudgetBuyer,general,2413,31,0.0129,0.1448,89.98,7.2
2026-04-16,aff_006,PremiumPickz,luxury,1305,90,0.0697,1.2243,2225.67,178.05
2026-04-16,aff_007,EcoFriendlyShop,sustainability,2145,73,0.0343,0.4827,710.83,56.87
2026-04-16,aff_008,PetParadise,pets,2029,65,0.0325,0.4567,601.76,48.14
2026-04-17,aff_001,TechReviewPro,electronics,1813,52,0.029,0.408,429.29,34.34
2026-04-17,aff_002,GadgetGuru,electronics,2021,65,0.0323,0.4548,594.46,47.56
2026-04-17,aff_003,HomeEssentials,home,1689,45,0.027,0.3801,347.01,27.76
2026-04-17,aff_004,FitLifeDeals,fitness,1947,60,0.0312,0.4383,531.85,42.55
2026-04-17,aff_005,BudgetBuyer,general,2944,46,0.0157,0.1767,163.35,13.07
2026-04-17,aff_006,PremiumPickz,luxury,1417,107,0.0756,1.3292,2848.52,227.88
2026-04-17,aff_007,EcoFriendlyShop,sustainability,2300,84,0.0368,0.5177,876.54,70.12
2026-04-17,aff_008,PetParadise,pets,1810,52,0.029,0.4074,427.28,34.18
2026-04-18,aff_001,TechReviewPro,electronics,2000,64,0.032,0.4501,576.27,46.1
2026-04-18,aff_002,GadgetGuru,electronics,1661,44,0.0266,0.3739,330.18,26.41
2026-04-18,aff_003,HomeEssentials,home,2330,86,0.0373,0.5243,910.83,72.87
2026-04-18,aff_004,FitLifeDeals,fitness,2296,84,0.0367,0.5167,871.78,69.74
2026-04-18,aff_005,BudgetBuyer,general,2758,40,0.0147,0.1655,134.28,10.74
2026-04-18,aff_006,PremiumPickz,luxury,1266,85,0.0676,1.1875,2031.32,162.51
2026-04-18,aff_007,EcoFriendlyShop,sustainability,2087,69,0.0334,0.4696,654.6,52.37
2026-04-18,aff_008,PetParadise,pets,1722,47,0.0276,0.3875,367.76,29.42
2026-04-19,aff_001,TechReviewPro,electronics,2210,78,0.0354,0.4973,777.16,62.17
2026-04-19,aff_002,GadgetGuru,electronics,1929,59,0.0309,0.4342,517.31,41.38
2026-04-19,aff_003,HomeEssentials,home,2222,79,0.0356,0.5002,790.53,63.24
2026-04-19,aff_004,FitLifeDeals,fitness,2024,65,0.0324,0.4555,597.15,47.77
2026-04-19,aff_005,BudgetBuyer,general,2400,30,0.0128,0.144,88.52,7.08
2026-04-19,aff_006,PremiumPickz,luxury,1115,66,0.0595,1.0459,1387.68,111.01
2026-04-19,aff_007,EcoFriendlyShop,sustainability,1615,41,0.0258,0.3635,303.5,24.28
2026-04-19,aff_008,PetParadise,pets,2343,87,0.0375,0.5272,926.3,74.1
2026-04-20,aff_001,TechReviewPro,electronics,2302,84,0.0368,0.5182,879.06,70.32
2026-04-20,aff_002,GadgetGuru,electronics,2144,73,0.0343,0.4825,709.93,56.79
2026-04-20,aff_003,HomeEssentials,home,1846,54,0.0295,0.4154,452.93,36.23
2026-04-20,aff_004,FitLifeDeals,fitness,1646,43,0.0263,0.3704,321.22,25.7
2026-04-20,aff_005,BudgetBuyer,general,3453,63,0.0184,0.2072,263.59,21.09
2026-04-20,aff_006,PremiumPickz,luxury,1414,106,0.0754,1.3261,2829.29,226.34
2026-04-20,aff_007,EcoFriendlyShop,sustainability,1668,44,0.0267,0.3754,334.34,26.75
2026-04-20,aff_008,PetParadise,pets,1988,63,0.0318,0.4475,566.15,45.29
2026-04-21,aff_001,TechReviewPro,electronics,1655,43,0.0265,0.3725,326.53,26.12
2026-04-21,aff_002,GadgetGuru,electronics,2083,69,0.0333,0.4688,650.94,52.08
2026-04-21,aff_003,HomeEssentials,home,2212,78,0.0354,0.4979,779.74,62.38
2026-04-21,aff_004,FitLifeDeals,fitness,1702,46,0.0272,0.3831,355.28,28.42
2026-04-21,aff_005,BudgetBuyer,general,2970,47,0.0158,0.1782,167.71,13.42
2026-04-21,aff_006,PremiumPickz,luxury,1223,79,0.0653,1.1474,1831.99,146.56
2026-04-21,aff_007,EcoFriendlyShop,sustainability,1812,52,0.029,0.4077,428.38,34.27
2026-04-21,aff_008,PetParadise,pets,2297,84,0.0368,0.517,873.32,69.87
2026-04-22,aff_001,TechReviewPro,electronics,1938,60,0.031,0.4362,524.35,41.95
2026-04-22,aff_002,GadgetGuru,electronics,1663,44,0.0266,0.3742,331.25,26.5
2026-04-22,aff_003,HomeEssentials,home,2031,66,0.0325,0.4571,603.46,48.28
2026-04-22,aff_004,FitLifeDeals,fitness,2183,76,0.0349,0.4914,749.67,59.97
2026-04-22,aff_005,BudgetBuyer,general,2641,37,0.0141,0.1585,117.93,9.43
2026-04-22,aff_006,PremiumPickz,luxury,1109,65,0.0592,1.0403,1365.47,109.24
2026-04-22,aff_007,EcoFriendlyShop,sustainability,2396,91,0.0383,0.5391,990.46,79.24
2026-04-22,aff_008,PetParadise,pets,2119,71,0.0339,0.477,685.64,54.85
2026-04-23,aff_001,TechReviewPro,electronics,1950,60,0.0312,0.4389,534.13,42.73
2026-04-23,aff_002,GadgetGuru,electronics,1886,56,0.0302,0.4245,483.27,38.66
2026-04-23,aff_003,HomeEssentials,home,1696,46,0.0271,0.3818,351.58,28.13
2026-04-23,aff_004,FitLifeDeals,fitness,1779,50,0.0285,0.4004,405.72,32.46
2026-04-23,aff_005,BudgetBuyer,general,2805,41,0.015,0.1683,141.32,11.31
2026-04-23,aff_006,PremiumPickz,luxury,1242,82,0.0663,1.1647,1917.06,153.36
2026-04-23,aff_007,EcoFriendlyShop,sustainability,1784,50,0.0285,0.4014,408.85,32.71
2026-04-23,aff_008,PetParadise,pets,1776,50,0.0284,0.3996,403.41,32.27
2026-04-24,aff_001,TechReviewPro,electronics,1656,43,0.0265,0.3728,327.29,26.18
2026-04-24,aff_002,GadgetGuru,electronics,1964,61,0.0314,0.442,545.76,43.66
2026-04-24,aff_003,HomeEssentials,home,1783,50,0.0285,0.4012,408.19,32.66
2026-04-24,aff_004,FitLifeDeals,fitness,2324,86,0.0372,0.523,904.0,72.32
2026-04-24,aff_005,BudgetBuyer,general,3431,62,0.0183,0.2059,258.57,20.69
2026-04-24,aff_006,PremiumPickz,luxury,994,52,0.053,0.9319,982.13,78.57
2026-04-24,aff_007,EcoFriendlyShop,sustainability,1790,51,0.0286,0.4028,413.13,33.05
2026-04-24,aff_008,PetParadise,pets,2135,72,0.0342,0.4804,700.81,56.06
2026-04-25,aff_001,TechReviewPro,electronics,1771,50,0.0283,0.3986,400.11,32.01
2026-04-25,aff_002,GadgetGuru,electronics,1586,40,0.0254,0.3569,287.4,22.99
2026-04-25,aff_003,HomeEssentials,home,2348,88,0.0376,0.5284,932.35,74.59
2026-04-25,aff_004,FitLifeDeals,fitness,2056,67,0.0329,0.4628,626.26,50.1
2026-04-25,aff_005,BudgetBuyer,general,2967,46,0.0158,0.178,167.18,13.37
2026-04-25,aff_006,PremiumPickz,luxury,1336,95,0.0713,1.2531,2386.83,190.95
2026-04-25,aff_007,EcoFriendlyShop,sustainability,2245,80,0.0359,0.5053,815.39,65.23
2026-04-25,aff_008,PetParadise,pets,1752,49,0.028,0.3943,387.34,30.99
2026-04-26,aff_001,TechReviewPro,electronics,1677,45,0.0268,0.3774,339.79,27.18
2026-04-26,aff_002,GadgetGuru,electronics,1802,51,0.0288,0.4055,421.41,33.71
2026-04-26,aff_003,HomeEssentials,home,1938,60,0.031,0.4362,524.54,41.96
2026-04-26,aff_004,FitLifeDeals,fitness,1973,62,0.0316,0.4441,553.33,44.27
2026-04-26,aff_005,BudgetBuyer,general,3274,57,0.0175,0.1965,224.73,17.98
2026-04-26,aff_006,PremiumPickz,luxury,1283,87,0.0684,1.203,2112.64,169.01
2026-04-26,aff_007,EcoFriendlyShop,sustainability,2387,91,0.0382,0.5371,979.51,78.36
2026-04-26,aff_008,PetParadise,pets,1678,45,0.0269,0.3777,340.48,27.24
2026-04-27,aff_001,TechReviewPro,electronics,1922,59,0.0308,0.4325,511.25,40.9
2026-04-27,aff_002,GadgetGuru,electronics,1727,47,0.0276,0.3888,371.27,29.7
2026-04-27,aff_003,HomeEssentials,home,2289,83,0.0366,0.5151,863.77,69.1
2026-04-27,aff_004,FitLifeDeals,fitness,1798,51,0.0288,0.4048,418.94,33.52
2026-04-27,aff_005,BudgetBuyer,general,2628,36,0.014,0.1577,116.18,9.29
2026-04-27,aff_006,PremiumPickz,luxury,1175,73,0.0627,1.1019,1623.16,129.85
2026-04-27,aff_007,EcoFriendlyShop,sustainability,1937,60,0.031,0.4359,523.54,41.88
2026-04-27,aff_008,PetParadise,pets,1822,53,0.0292,0.4101,435.89,34.87
2026-04-28,aff_001,TechReviewPro,electronics,1799,51,0.0288,0.405,419.6,33.57
2026-04-28,aff_002,GadgetGuru,electronics,2151,74,0.0344,0.4841,716.91,57.35
2026-04-28,aff_003,HomeEssentials,home,1954,61,0.0313,0.4398,537.44,43.0
2026-04-28,aff_004,FitLifeDeals,fitness,2289,83,0.0366,0.515,863.57,69.09
2026-04-28,aff_005,BudgetBuyer,general,3060,49,0.0163,0.1836,183.42,14.67
2026-04-28,aff_006,PremiumPickz,luxury,984,51,0.0525,0.9228,953.31,76.26
2026-04-28,aff_007,EcoFriendlyShop,sustainability,2399,92,0.0384,0.5399,994.44,79.56
2026-04-28,aff_008,PetParadise,pets,2268,82,0.0363,0.5105,840.57,67.25
2026-04-29,aff_001,TechReviewPro,electronics,2375,90,0.038,0.5344,964.71,77.18
2026-04-29,aff_002,GadgetGuru,electronics,2146,73,0.0343,0.4829,711.58,56.93
2026-04-29,aff_003,HomeEssentials,home,2278,83,0.0365,0.5128,851.84,68.15
2026-04-29,aff_004,FitLifeDeals,fitness,1733,48,0.0277,0.3899,374.76,29.98
2026-04-29,aff_005,BudgetBuyer,general,2982,47,0.0159,0.179,169.8,13.58
2026-04-29,aff_006,PremiumPickz,luxury,1062,60,0.0567,0.9962,1199.12,95.93
2026-04-29,aff_007,EcoFriendlyShop,sustainability,1920,59,0.0307,0.4322,510.05,40.8
2026-04-29,aff_008,PetParadise,pets,1646,43,0.0264,0.3706,321.44,25.72
2026-04-30,aff_001,TechReviewPro,electronics,1903,57,0.0305,0.4282,496.28,39.7
2026-04-30,aff_002,GadgetGuru,electronics,2181,76,0.0349,0.4908,747.15,59.77
2026-04-30,aff_003,HomeEssentials,home,1812,52,0.029,0.4077,428.44,34.28
2026-04-30,aff_004,FitLifeDeals,fitness,2227,79,0.0356,0.5011,795.41,63.63
2026-04-30,aff_005,BudgetBuyer,general,2946,46,0.0157,0.1768,163.64,13.09
2026-04-30,aff_006,PremiumPickz,luxury,1163,72,0.062,1.0904,1573.16,125.85
2026-04-30,aff_007,EcoFriendlyShop,sustainability,2365,89,0.0379,0.5323,953.1,76.25
2026-04-30,aff_008,PetParadise,pets,2396,91,0.0383,0.5392,990.64,79.25
2026-05-01,aff_001,TechReviewPro,electronics,2044,66,0.0327,0.46,615.23,49.22
2026-05-01,aff_002,GadgetGuru,electronics,1979,62,0.0317,0.4453,558.05,44.64
2026-05-01,aff_003,HomeEssentials,home,1723,47,0.0276,0.3879,368.65,29.49
2026-05-01,aff_004,FitLifeDeals,fitness,1837,54,0.0294,0.4134,446.51,35.72
2026-05-01,aff_005,BudgetBuyer,general,3562,67,0.019,0.2137,289.32,23.15
2026-05-01,aff_006,PremiumPickz,luxury,1238,81,0.066,1.1606,1897.43,151.79
2026-05-01,aff_007,EcoFriendlyShop,sustainability,2033,66,0.0325,0.4576,605.44,48.44
2026-05-01,aff_008,PetParadise,pets,2198,77,0.0352,0.4946,764.83,61.19
2026-05-02,aff_001,TechReviewPro,electronics,1645,43,0.0263,0.3703,320.79,25.66
2026-05-02,aff_002,GadgetGuru,electronics,1874,56,0.03,0.4217,474.05,37.92
2026-05-02,aff_003,HomeEssentials,home,2002,64,0.032,0.4505,577.89,46.23
2026-05-02,aff_004,FitLifeDeals,fitness,2282,83,0.0365,0.5135,855.75,68.46
2026-05-02,aff_005,BudgetBuyer,general,2588,35,0.0138,0.1553,111.01,8.88
2026-05-02,aff_006,PremiumPickz,luxury,1421,107,0.0758,1.3324,2870.04,229.6
2026-05-02,aff_007,EcoFriendlyShop,sustainability,1664,44,0.0266,0.3744,331.77,26.54
2026-05-02,aff_008,PetParadise,pets,1748,48,0.028,0.3934,384.84,30.79
2026-05-03,aff_001,TechReviewPro,electronics,2076,68,0.0332,0.4671,644.21,51.54
2026-05-03,aff_002,GadgetGuru,electronics,1933,59,0.0309,0.435,520.18,41.61
2026-05-03,aff_003,HomeEssentials,home,1788,51,0.0286,0.4023,411.64,32.93
2026-05-03,aff_004,FitLifeDeals,fitness,1695,45,0.0271,0.3816,351.0,28.08
2026-05-03,aff_005,BudgetBuyer,general,3468,64,0.0185,0.2081,267.0,21.36
2026-05-03,aff_006,PremiumPickz,luxury,1078,61,0.0575,1.0108,1253.15,100.25
2026-05-03,aff_007,EcoFriendlyShop,sustainability,2075,68,0.0332,0.467,643.64,51.49
2026-05-03,aff_008,PetParadise,pets,2095,70,0.0335,0.4715,662.36,52.99
2026-05-04,aff_001,TechReviewPro,electronics,1935,59,0.031,0.4355,521.85,41.75
2026-05-04,aff_002,GadgetGuru,electronics,1860,55,0.0298,0.4186,463.43,37.07
2026-05-04,aff_003,HomeEssentials,home,2018,65,0.0323,0.4541,591.83,47.35
2026-05-04,aff_004,FitLifeDeals,fitness,2347,88,0.0376,0.5282,931.44,74.52
2026-05-04,aff_005,BudgetBuyer,general,2645,37,0.0141,0.1587,118.44,9.48
2026-05-04,aff_006,PremiumPickz,luxury,1303,90,0.0695,1.2223,2214.87,177.19
2026-05-04,aff_007,EcoFriendlyShop,sustainability,1790,51,0.0287,0.403,413.38,33.07
2026-05-04,aff_008,PetParadise,pets,1916,58,0.0307,0.4312,506.76,40.54
2026-05-05,aff_001,TechReviewPro,electronics,2137,73,0.0342,0.4809,702.89,56.23
2026-05-05,aff_002,GadgetGuru,electronics,1649,43,0.0264,0.3712,323.18,25.85
2026-05-05,aff_003,HomeEssentials,home,1852,54,0.0296,0.4169,457.82,36.63
2026-05-05,aff_004,FitLifeDeals,fitness,2201,77,0.0352,0.4953,768.04,61.44
2026-05-05,aff_005,BudgetBuyer,general,2487,32,0.0133,0.1492,98.45,7.88
2026-05-05,aff_006,PremiumPickz,luxury,1179,74,0.0629,1.1062,1641.58,131.33
2026-05-05,aff_007,EcoFriendlyShop,sustainability,2398,92,0.0384,0.5397,993.47,79.48
2026-05-05,aff_008,PetParadise,pets,2396,91,0.0384,0.5393,991.08,79.29
2026-05-06,aff_001,TechReviewPro,electronics,1658,43,0.0265,0.3732,328.4,26.27
2026-05-06,aff_002,GadgetGuru,electronics,1581,40,0.0253,0.3559,284.77,22.78
2026-05-06,aff_003,HomeEssentials,home,1812,52,0.029,0.4077,428.43,34.27
2026-05-06,aff_004,FitLifeDeals,fitness,2346,88,0.0375,0.528,930.13,74.41
2026-05-06,aff_005,BudgetBuyer,general,3457,63,0.0184,0.2074,264.42,21.15
2026-05-06,aff_006,PremiumPickz,luxury,1382,101,0.0737,1.2957,2639.7,211.18
2026-05-06,aff_007,EcoFriendlyShop,sustainability,1895,57,0.0303,0.4265,490.28,39.22
2026-05-06,aff_008,PetParadise,pets,1726,47,0.0276,0.3884,370.3,29.62
2026-05-07,aff_001,TechReviewPro,electronics,2266,82,0.0363,0.5101,838.48,67.08
2026-05-07,aff_002,GadgetGuru,electronics,1924,59,0.0308,0.4331,513.29,41.06
2026-05-07,aff_003,HomeEssentials,home,2089,69,0.0334,0.4701,656.58,52.53
2026-05-07,aff_004,FitLifeDeals,fitness,2389,91,0.0382,0.5377,982.35,78.59
2026-05-07,aff_005,BudgetBuyer,general,3184,54,0.017,0.1911,206.69,16.54
2026-05-07,aff_006,PremiumPickz,luxury,963,49,0.0514,0.9035,894.46,71.56
2026-05-07,aff_007,EcoFriendlyShop,sustainability,2253,81,0.0361,0.5071,823.91,65.91
2026-05-07,aff_008,PetParadise,pets,1839,54,0.0294,0.4139,448.04,35.84
2026-05-08,aff_001,TechReviewPro,electronics,2130,72,0.0341,0.4794,696.24,55.7
2026-05-08,aff_002,GadgetGuru,electronics,2084,69,0.0334,0.4691,652.09,52.17
2026-05-08,aff_003,HomeEssentials,home,1707,46,0.0273,0.3842,358.31,28.66
2026-05-08,aff_004,FitLifeDeals,fitness,1692,45,0.0271,0.3808,348.91,27.91
2026-05-08,aff_005,BudgetBuyer,general,2528,34,0.0135,0.1517,103.43,8.27
2026-05-08,aff_006,PremiumPickz,luxury,1225,80,0.0654,1.149,1839.91,147.19
2026-05-08,aff_007,EcoFriendlyShop,sustainability,1817,52,0.0291,0.409,432.33,34.59
2026-05-08,aff_008,PetParadise,pets,2083,69,0.0333,0.4689,651.27,52.1
2026-05-09,aff_001,TechReviewPro,electronics,2174,75,0.0348,0.4892,739.86,59.19
2026-05-09,aff_002,GadgetGuru,electronics,1557,38,0.0249,0.3504,271.84,21.75
2026-05-09,aff_003,HomeEssentials,home,2107,71,0.0337,0.4742,673.73,53.9
2026-05-09,aff_004,FitLifeDeals,fitness,1811,52,0.029,0.4075,427.74,34.22
2026-05-09,aff_005,BudgetBuyer,general,2986,47,0.0159,0.1792,170.42,13.63
2026-05-09,aff_006,PremiumPickz,luxury,1394,103,0.0744,1.3074,2711.05,216.88
2026-05-09,aff_007,EcoFriendlyShop,sustainability,2276,82,0.0364,0.5123,849.54,67.96
2026-05-09,aff_008,PetParadise,pets,1673,44,0.0268,0.3766,337.49,27.0
2026-05-10,aff_001,TechReviewPro,electronics,1938,60,0.031,0.4362,524.54,41.96
2026-05-10,aff_002,GadgetGuru,electronics,1602,41,0.0256,0.3606,296.31,23.7
2026-05-10,aff_003,HomeEssentials,home,1602,41,0.0256,0.3606,296.33,23.71
2026-05-10,aff_004,FitLifeDeals,fitness,2216,78,0.0355,0.4988,784.14,62.73
2026-05-10,aff_005,BudgetBuyer,general,3164,53,0.0169,0.1899,202.79,16.22
2026-05-10,aff_006,PremiumPickz,luxury,1085,62,0.0579,1.0179,1279.03,102.32
2026-05-10,aff_007,EcoFriendlyShop,sustainability,2192,76,0.0351,0.4934,759.0,60.72
2026-05-10,aff_008,PetParadise,pets,2041,66,0.0327,0.4593,612.36,48.99
2026-05-11,aff_001,TechReviewPro,electronics,1942,60,0.0311,0.437,527.41,42.19
2026-05-11,aff_002,GadgetGuru,electronics,1409,31,0.0226,0.3171,201.53,16.12
2026-05-11,aff_003,HomeEssentials,home,1660,44,0.0266,0.3735,329.43,26.35
2026-05-11,aff_004,FitLifeDeals,fitness,2306,85,0.0369,0.519,883.27,70.66
2026-05-11,aff_005,BudgetBuyer,general,3484,64,0.0186,0.2091,270.76,21.66
2026-05-11,aff_006,PremiumPickz,luxury,1221,79,0.0652,1.1455,1822.95,145.84
2026-05-11,aff_007,EcoFriendlyShop,sustainability,2267,82,0.0363,0.5102,839.36,67.15
2026-05-11,aff_008,PetParadise,pets,2066,68,0.0331,0.4649,634.93,50.79
2026-05-12,aff_001,TechReviewPro,electronics,1718,47,0.0275,0.3867,365.29,29.22
2026-05-12,aff_002,GadgetGuru,electronics,1486,35,0.0238,0.3344,236.38,18.91
2026-05-12,aff_003,HomeEssentials,home,1846,54,0.0295,0.4155,453.22,36.26
2026-05-12,aff_004,FitLifeDeals,fitness,2319,86,0.0371,0.5218,898.06,71.84
2026-05-12,aff_005,BudgetBuyer,general,3355,60,0.0179,0.2013,241.74,19.34
2026-05-12,aff_006,PremiumPickz,luxury,1373,100,0.0732,1.2873,2588.8,207.1
2026-05-12,aff_007,EcoFriendlyShop,sustainability,2319,86,0.0371,0.5218,898.02,71.84
2026-05-12,aff_008,PetParadise,pets,1768,50,0.0283,0.3978,397.93,31.83
2026-05-13,aff_001,TechReviewPro,electronics,1799,51,0.0288,0.4049,419.5,33.56
2026-05-13,aff_002,GadgetGuru,electronics,1463,34,0.0234,0.3293,225.63,18.05
2026-05-13,aff_003,HomeEssentials,home,2224,79,0.0356,0.5004,792.09,63.37
2026-05-13,aff_004,FitLifeDeals,fitness,2307,85,0.0369,0.5191,884.28,70.74
2026-05-13,aff_005,BudgetBuyer,general,2887,44,0.0154,0.1733,154.07,12.33
2026-05-13,aff_006,PremiumPickz,luxury,1257,84,0.0671,1.1793,1989.02,159.12
2026-05-13,aff_007,EcoFriendlyShop,sustainability,1723,47,0.0276,0.3878,368.56,29.48
2026-05-13,aff_008,PetParadise,pets,2343,87,0.0375,0.5274,926.8,74.14
2026-05-14,aff_001,TechReviewPro,electronics,2291,84,0.0367,0.5156,866.3,69.3
2026-05-14,aff_002,GadgetGuru,electronics,2063,68,0.033,0.4643,632.47,50.6
2026-05-14,aff_003,HomeEssentials,home,2248,80,0.036,0.5059,818.39,65.47
2026-05-14,aff_004,FitLifeDeals,fitness,2305,85,0.0369,0.5187,881.85,70.55
2026-05-14,aff_005,BudgetBuyer,general,2429,31,0.013,0.1458,91.78,7.34
2026-05-14,aff_006,PremiumPickz,luxury,1313,91,0.0701,1.2315,2265.47,181.24
2026-05-14,aff_007,EcoFriendlyShop,sustainability,1865,55,0.0299,0.4198,467.43,37.39
2026-05-14,aff_008,PetParadise,pets,2344,87,0.0375,0.5275,927.78,74.22
2026-05-15,aff_001,TechReviewPro,electronics,2241,80,0.0359,0.5044,810.89,64.87
2026-05-15,aff_002,GadgetGuru,electronics,1978,62,0.0316,0.4451,557.26,44.58
2026-05-15,aff_003,HomeEssentials,home,2248,80,0.036,0.5059,818.38,65.47
2026-05-15,aff_004,FitLifeDeals,fitness,1813,52,0.029,0.408,429.28,34.34
2026-05-15,aff_005,BudgetBuyer,general,3344,59,0.0178,0.2007,239.44,19.16
2026-05-15,aff_006,PremiumPickz,luxury,1011,54,0.054,0.9486,1035.18,82.81
2026-05-15,aff_007,EcoFriendlyShop,sustainability,2297,84,0.0368,0.517,873.16,69.85
2026-05-15,aff_008,PetParadise,pets,2286,83,0.0366,0.5145,860.78,68.86
2026-05-16,aff_001,TechReviewPro,electronics,1777,50,0.0284,0.4,404.44,32.36
2026-05-16,aff_002,GadgetGuru,electronics,1937,60,0.031,0.436,523.7,41.9
2026-05-16,aff_003,HomeEssentials,home,1968,61,0.0315,0.4429,548.93,43.91
2026-05-16,aff_004,FitLifeDeals,fitness,1844,54,0.0295,0.4149,451.53,36.12
2026-05-16,aff_005,BudgetBuyer,general,3354,60,0.0179,0.2013,241.53,19.32
2026-05-16,aff_006,PremiumPickz,luxury,1069,60,0.057,1.0024,1222.17,97.77
2026-05-16,aff_007,EcoFriendlyShop,sustainability,1618,41,0.0259,0.3643,305.33,24.43
2026-05-16,aff_008,PetParadise,pets,1754,49,0.0281,0.3948,388.75,31.1
2026-05-17,aff_001,TechReviewPro,electronics,1862,55,0.0298,0.4191,465.11,37.21
2026-05-17,aff_002,GadgetGuru,electronics,1963,61,0.0314,0.4417,544.64,43.57
2026-05-17,aff_003,HomeEssentials,home,2373,90,0.038,0.534,962.53,77.0
2026-05-17,aff_004,FitLifeDeals,fitness,1823,53,0.0292,0.4102,436.35,34.91
2026-05-17,aff_005,BudgetBuyer,general,3169,53,0.0169,0.1902,203.78,16.3
2026-05-17,aff_006,PremiumPickz,luxury,1151,70,0.0614,1.0799,1527.09,122.17
2026-05-17,aff_007,EcoFriendlyShop,sustainability,2384,90,0.0382,0.5366,976.31,78.1
2026-05-17,aff_008,PetParadise,pets,2028,65,0.0325,0.4565,601.11,48.09
2026-05-18,aff_001,TechReviewPro,electronics,2351,88,0.0376,0.5291,935.91,74.87
2026-05-18,aff_002,GadgetGuru,electronics,1444,33,0.0231,0.3249,216.81,17.34
2026-05-18,aff_003,HomeEssentials,home,2376,90,0.038,0.5347,966.03,77.28
2026-05-18,aff_004,FitLifeDeals,fitness,1742,48,0.0279,0.3921,380.98,30.48
2026-05-18,aff_005,BudgetBuyer,general,3555,67,0.019,0.2133,287.55,23.0
2026-05-18,aff_006,PremiumPickz,luxury,1087,63,0.058,1.0195,1285.37,102.83
2026-05-18,aff_007,EcoFriendlyShop,sustainability,1686,45,0.027,0.3795,345.36,27.63
2026-05-18,aff_008,PetParadise,pets,1947,60,0.0312,0.4382,531.77,42.54
2026-05-19,aff_001,TechReviewPro,electronics,2182,76,0.0349,0.4911,748.56,59.88
2026-05-19,aff_002,GadgetGuru,electronics,1573,39,0.0252,0.354,280.34,22.43
2026-05-19,aff_003,HomeEssentials,home,2084,69,0.0334,0.4691,652.27,52.18
2026-05-19,aff_004,FitLifeDeals,fitness,2009,64,0.0321,0.4521,583.89,46.71
2026-05-19,aff_005,BudgetBuyer,general,2862,43,0.0153,0.1717,150.06,12.0
2026-05-19,aff_006,PremiumPickz,luxury,1236,81,0.066,1.1595,1890.56,151.24
2026-05-19,aff_007,EcoFriendlyShop,sustainability,1803,52,0.0289,0.4059,422.37,33.79
2026-05-19,aff_008,PetParadise,pets,2167,75,0.0347,0.4876,732.69,58.62
2026-05-20,aff_001,TechReviewPro,electronics,1601,41,0.0256,0.3603,295.6,23.65
2026-05-20,aff_002,GadgetGuru,electronics,1981,62,0.0317,0.4459,560.07,44.81
2026-05-20,aff_003,HomeEssentials,home,2030,65,0.0325,0.4569,602.76,48.22
2026-05-20,aff_004,FitLifeDeals,fitness,2175,75,0.0348,0.4895,741.19,59.3
2026-05-20,aff_005,BudgetBuyer,general,3290,57,0.0175,0.1974,227.96,18.24
2026-05-20,aff_006,PremiumPickz,luxury,1281,87,0.0684,1.2018,2105.03,168.4
2026-05-20,aff_007,EcoFriendlyShop,sustainability,1891,57,0.0303,0.4256,487.06,38.96
2026-05-20,aff_008,PetParadise,pets,1655,43,0.0265,0.3726,326.77,26.14
2026-05-21,aff_001,TechReviewPro,electronics,2131,72,0.0341,0.4796,697.01,55.76
2026-05-21,aff_002,GadgetGuru,electronics,1572,39,0.0252,0.3537,279.74,22.38
2026-05-21,aff_003,HomeEssentials,home,1851,54,0.0296,0.4165,456.68,36.53
2026-05-21,aff_004,FitLifeDeals,fitness,2278,83,0.0365,0.5126,851.43,68.11
2026-05-21,aff_005,BudgetBuyer,general,3263,56,0.0174,0.1958,222.44,17.8
2026-05-21,aff_006,PremiumPickz,luxury,1104,65,0.0589,1.0351,1345.95,107.68
2026-05-21,aff_007,EcoFriendlyShop,sustainability,1847,54,0.0296,0.4157,453.87,36.31
2026-05-21,aff_008,PetParadise,pets,1926,59,0.0308,0.4335,514.78,41.18
2026-05-22,aff_001,TechReviewPro,electronics,1921,59,0.0308,0.4324,510.89,40.87
2026-05-22,aff_002,GadgetGuru,electronics,1542,38,0.0247,0.3471,264.22,21.14
2026-05-22,aff_003,HomeEssentials,home,1701,46,0.0272,0.3829,354.71,28.38
2026-05-22,aff_004,FitLifeDeals,fitness,1936,59,0.031,0.4357,522.65,41.81
2026-05-22,aff_005,BudgetBuyer,general,3528,66,0.0188,0.2117,281.11,22.49
2026-05-22,aff_006,PremiumPickz,luxury,1285,88,0.0685,1.2048,2122.2,169.78
2026-05-22,aff_007,EcoFriendlyShop,sustainability,2322,86,0.0372,0.5225,901.59,72.13
2026-05-22,aff_008,PetParadise,pets,2092,70,0.0335,0.4708,659.46,52.76
2026-05-23,aff_001,TechReviewPro,electronics,1840,54,0.0295,0.4142,448.89,35.91
2026-05-23,aff_002,GadgetGuru,electronics,1705,46,0.0273,0.3837,357.04,28.56
2026-05-23,aff_003,HomeEssentials,home,1600,40,0.0256,0.3601,295.03,23.6
2026-05-23,aff_004,FitLifeDeals,fitness,1829,53,0.0293,0.4116,440.78,35.26
2026-05-23,aff_005,BudgetBuyer,general,2915,45,0.0156,0.175,158.62,12.69
2026-05-23,aff_006,PremiumPickz,luxury,1238,81,0.066,1.161,1898.62,151.89
2026-05-23,aff_007,EcoFriendlyShop,sustainability,2123,72,0.034,0.4778,689.44,55.16
2026-05-23,aff_008,PetParadise,pets,1971,62,0.0316,0.4437,551.86,44.15
2026-05-24,aff_001,TechReviewPro,electronics,1953,61,0.0313,0.4396,536.74,42.94
2026-05-24,aff_002,GadgetGuru,electronics,1475,34,0.0236,0.3321,231.3,18.5
2026-05-24,aff_003,HomeEssentials,home,1978,62,0.0317,0.4452,557.51,44.6
2026-05-24,aff_004,FitLifeDeals,fitness,2320,86,0.0371,0.5222,899.81,71.98
2026-05-24,aff_005,BudgetBuyer,general,3355,60,0.0179,0.2013,241.72,19.34
2026-05-24,aff_006,PremiumPickz,luxury,1041,57,0.0555,0.9764,1129.09,90.33
2026-05-24,aff_007,EcoFriendlyShop,sustainability,1667,44,0.0267,0.3753,333.87,26.71
2026-05-24,aff_008,PetParadise,pets,2012,64,0.0322,0.4528,586.64,46.93
2026-05-25,aff_001,TechReviewPro,electronics,2106,70,0.0337,0.4739,672.75,53.82
2026-05-25,aff_002,GadgetGuru,electronics,1550,38,0.0248,0.3489,268.31,21.46
2026-05-25,aff_003,HomeEssentials,home,2254,81,0.0361,0.5073,825.05,66.0
2026-05-25,aff_004,FitLifeDeals,fitness,2200,77,0.0352,0.4952,767.29,61.38
2026-05-25,aff_005,BudgetBuyer,general,3207,54,0.0171,0.1924,211.14,16.89
2026-05-25,aff_006,PremiumPickz,luxury,1067,60,0.057,1.0011,1216.65,97.33
2026-05-25,aff_007,EcoFriendlyShop,sustainability,1759,49,0.0281,0.3958,391.99,31.36
2026-05-25,aff_008,PetParadise,pets,1619,41,0.0259,0.3644,305.75,24.46
2026-05-26,aff_001,TechReviewPro,electronics,1795,51,0.0287,0.4041,416.82,33.35
2026-05-26,aff_002,GadgetGuru,electronics,1636,42,0.0262,0.3683,315.61,25.25
2026-05-26,aff_003,HomeEssentials,home,2279,83,0.0365,0.513,852.84,68.23
2026-05-26,aff_004,FitLifeDeals,fitness,1658,43,0.0265,0.3731,328.26,26.26
2026-05-26,aff_005,BudgetBuyer,general,2897,44,0.0155,0.1738,155.64,12.45
2026-05-26,aff_006,PremiumPickz,luxury,1262,84,0.0673,1.1834,2010.83,160.87
2026-05-26,aff_007,EcoFriendlyShop,sustainability,1755,49,0.0281,0.395,389.44,31.16
2026-05-26,aff_008,PetParadise,pets,2157,74,0.0345,0.4853,722.63,57.81
2026-05-27,aff_001,TechReviewPro,electronics,1995,63,0.0319,0.449,571.98,45.76
2026-05-27,aff_002,GadgetGuru,electronics,1478,34,0.0236,0.3326,232.48,18.6
2026-05-27,aff_003,HomeEssentials,home,2124,72,0.034,0.4781,690.47,55.24
2026-05-27,aff_004,FitLifeDeals,fitness,1604,41,0.0257,0.361,297.29,23.78
2026-05-27,aff_005,BudgetBuyer,general,3301,58,0.0176,0.1981,230.23,18.42
2026-05-27,aff_006,PremiumPickz,luxury,1329,94,0.0709,1.2465,2349.53,187.96
2026-05-27,aff_007,EcoFriendlyShop,sustainability,1685,45,0.027,0.3792,344.57,27.57
2026-05-27,aff_008,PetParadise,pets,1940,60,0.031,0.4365,525.76,42.06
2026-05-28,aff_001,TechReviewPro,electronics,1740,48,0.0279,0.3917,379.61,30.37
2026-05-28,aff_002,GadgetGuru,electronics,1940,60,0.031,0.4366,525.93,42.07
2026-05-28,aff_003,HomeEssentials,home,2014,64,0.0322,0.4532,588.39,47.07
2026-05-28,aff_004,FitLifeDeals,fitness,1640,43,0.0262,0.369,317.66,25.41
2026-05-28,aff_005,BudgetBuyer,general,2699,38,0.0144,0.1619,125.83,10.07
2026-05-28,aff_006,PremiumPickz,luxury,1367,99,0.0729,1.2818,2555.25,204.42
2026-05-28,aff_007,EcoFriendlyShop,sustainability,1965,61,0.0314,0.4422,546.38,43.71
2026-05-28,aff_008,PetParadise,pets,2241,80,0.0359,0.5043,810.42,64.83
2026-05-29,aff_001,TechReviewPro,electronics,2134,72,0.0341,0.4802,699.75,55.98
2026-05-29,aff_002,GadgetGuru,electronics,1952,60,0.0312,0.4392,535.56,42.84
2026-05-29,aff_003,HomeEssentials,home,2076,68,0.0332,0.4672,644.42,51.55
2026-05-29,aff_004,FitLifeDeals,fitness,2360,89,0.0378,0.531,946.41,75.71
2026-05-29,aff_005,BudgetBuyer,general,3469,64,0.0185,0.2082,267.28,21.38
2026-05-29,aff_006,PremiumPickz,luxury,1254,83,0.0669,1.1757,1972.17,157.77
2026-05-29,aff_007,EcoFriendlyShop,sustainability,2175,75,0.0348,0.4895,741.1,59.29
2026-05-29,aff_008,PetParadise,pets,2003,64,0.0321,0.4509,579.07,46.33
2026-05-30,aff_001,TechReviewPro,electronics,2264,82,0.0362,0.5095,835.87,66.87
2026-05-30,aff_002,GadgetGuru,electronics,1657,43,0.0265,0.373,327.89,26.23
2026-05-30,aff_003,HomeEssentials,home,2317,85,0.0371,0.5215,896.19,71.7
2026-05-30,aff_004,FitLifeDeals,fitness,2194,77,0.0351,0.4939,761.04,60.88
2026-05-30,aff_005,BudgetBuyer,general,2969,47,0.0158,0.1782,167.57,13.41
2026-05-30,aff_006,PremiumPickz,luxury,1084,62,0.0578,1.0166,1274.73,101.98
2026-05-30,aff_007,EcoFriendlyShop,sustainability,1797,51,0.0288,0.4045,418.18,33.45
2026-05-30,aff_008,PetParadise,pets,2110,71,0.0338,0.4748,676.45,54.12
2026-05-31,aff_001,TechReviewPro,electronics,2212,78,0.0354,0.4978,779.73,62.38
2026-05-31,aff_002,GadgetGuru,electronics,1633,42,0.0261,0.3676,313.85,25.11
2026-05-31,aff_003,HomeEssentials,home,2101,70,0.0336,0.4728,668.0,53.44
2026-05-31,aff_004,FitLifeDeals,fitness,1819,52,0.0291,0.4094,433.66,34.69
2026-05-31,aff_005,BudgetBuyer,general,2492,33,0.0133,0.1496,99.12,7.93
2026-05-31,aff_006,PremiumPickz,luxury,1097,64,0.0585,1.0286,1320.5,105.64
2026-05-31,aff_007,EcoFriendlyShop,sustainability,1817,52,0.0291,0.4089,432.09,34.57
2026-05-31,aff_008,PetParadise,pets,1855,55,0.0297,0.4175,459.96,36.8
2026-06-01,aff_001,TechReviewPro,electronics,2032,66,0.0325,0.4572,604.17,48.33
2026-06-01,aff_002,GadgetGuru,electronics,1379,30,0.0221,0.3105,189.07,15.13
2026-06-01,aff_003,HomeEssentials,home,1785,50,0.0286,0.4016,409.5,32.76
2026-06-01,aff_004,FitLifeDeals,fitness,2155,74,0.0345,0.4849,720.67,57.65
2026-06-01,aff_005,BudgetBuyer,general,3247,56,0.0173,0.1949,219.19,17.54
2026-06-01,aff_006,PremiumPickz,luxury,990,52,0.0528,0.9289,971.93,77.75
2026-06-01,aff_007,EcoFriendlyShop,sustainability,1926,59,0.0308,0.4334,514.44,41.16
2026-06-01,aff_008,PetParadise,pets,2034,66,0.0325,0.4577,605.93,48.47
2026-06-02,aff_001,TechReviewPro,electronics,1932,59,0.0309,0.4348,519.56,41.56
2026-06-02,aff_002,GadgetGuru,electronics,1418,32,0.0227,0.3191,205.36,16.43
2026-06-02,aff_003,HomeEssentials,home,1936,59,0.031,0.4356,522.52,41.8
2026-06-02,aff_004,FitLifeDeals,fitness,2323,86,0.0372,0.5229,903.25,72.26
2026-06-02,aff_005,BudgetBuyer,general,3100,51,0.0165,0.1861,190.77,15.26
2026-06-02,aff_006,PremiumPickz,luxury,1293,89,0.069,1.213,2164.55,173.16
2026-06-02,aff_007,EcoFriendlyShop,sustainability,2285,83,0.0366,0.5142,859.29,68.74
2026-06-02,aff_008,PetParadise,pets,2212,78,0.0354,0.4978,779.61,62.37
2026-06-03,aff_001,TechReviewPro,electronics,1904,58,0.0305,0.4285,497.13,39.77
2026-06-03,aff_002,GadgetGuru,electronics,1283,26,0.0205,0.2888,152.24,12.18
2026-06-03,aff_003,HomeEssentials,home,1881,56,0.0301,0.4233,479.39,38.35
2026-06-03,aff_004,FitLifeDeals,fitness,2202,77,0.0352,0.4956,769.29,61.54
2026-06-03,aff_005,BudgetBuyer,general,3424,62,0.0183,0.2054,256.93,20.55
2026-06-03,aff_006,PremiumPickz,luxury,1417,107,0.0756,1.329,2847.78,227.82
2026-06-03,aff_007,EcoFriendlyShop,sustainability,1935,59,0.031,0.4354,521.76,41.74
2026-06-03,aff_008,PetParadise,pets,2198,77,0.0352,0.4946,764.58,61.17
2026-06-04,aff_001,TechReviewPro,electronics,2036,66,0.0326,0.4583,608.21,48.66
2026-06-04,aff_002,GadgetGuru,electronics,1659,44,0.0265,0.3733,328.81,26.3
2026-06-04,aff_003,HomeEssentials,home,1776,50,0.0284,0.3997,403.53,32.28
2026-06-04,aff_004,FitLifeDeals,fitness,1775,50,0.0284,0.3995,402.89,32.23
2026-06-04,aff_005,BudgetBuyer,general,2923,45,0.0156,0.1754,159.83,12.79
2026-06-04,aff_006,PremiumPickz,luxury,973,50,0.0519,0.9131,922.93,73.83
2026-06-04,aff_007,EcoFriendlyShop,sustainability,1868,55,0.0299,0.4205,469.77,37.58
2026-06-04,aff_008,PetParadise,pets,2143,73,0.0343,0.4822,708.8,56.7
2026-06-05,aff_001,TechReviewPro,electronics,1923,59,0.0308,0.4328,512.24,40.98
2026-06-05,aff_002,GadgetGuru,electronics,1374,30,0.022,0.3092,186.79,14.94
2026-06-05,aff_003,HomeEssentials,home,1973,62,0.0316,0.4441,553.5,44.28
2026-06-05,aff_004,FitLifeDeals,fitness,1702,46,0.0272,0.383,355.03,28.4
2026-06-05,aff_005,BudgetBuyer,general,3146,52,0.0168,0.1888,199.37,15.95
2026-06-05,aff_006,PremiumPickz,luxury,972,50,0.0519,0.9121,920.11,73.61
2026-06-05,aff_007,EcoFriendlyShop,sustainability,1915,58,0.0306,0.4309,505.75,40.46
2026-06-05,aff_008,PetParadise,pets,2051,67,0.0328,0.4616,621.51,49.72
2026-06-06,aff_001,TechReviewPro,electronics,1621,42,0.0259,0.3649,306.94,24.56
2026-06-06,aff_002,GadgetGuru,electronics,1670,44,0.0267,0.3758,335.42,26.83
2026-06-06,aff_003,HomeEssentials,home,1708,46,0.0273,0.3844,358.99,28.72
2026-06-06,aff_004,FitLifeDeals,fitness,1969,62,0.0315,0.4431,549.83,43.99
2026-06-06,aff_005,BudgetBuyer,general,2460,32,0.0131,0.1476,95.3,7.62
2026-06-06,aff_006,PremiumPickz,luxury,1141,69,0.0609,1.0706,1487.97,119.04
2026-06-06,aff_007,EcoFriendlyShop,sustainability,1769,50,0.0283,0.3981,398.73,31.9
2026-06-06,aff_008,PetParadise,pets,1861,55,0.0298,0.4188,464.3,37.14
2026-06-07,aff_001,TechReviewPro,electronics,2208,78,0.0353,0.497,775.74,62.06
2026-06-07,aff_002,GadgetGuru,electronics,1497,35,0.024,0.3369,241.63,19.33
2026-06-07,aff_003,HomeEssentials,home,2201,77,0.0352,0.4954,768.13,61.45
2026-06-07,aff_004,FitLifeDeals,fitness,2265,82,0.0362,0.5097,837.04,66.96
2026-06-07,aff_005,BudgetBuyer,general,2702,38,0.0144,0.1622,126.32,10.11
2026-06-07,aff_006,PremiumPickz,luxury,999,53,0.0533,0.9369,997.63,79.81
2026-06-07,aff_007,EcoFriendlyShop,sustainability,1615,41,0.0258,0.3635,303.47,24.28
2026-06-07,aff_008,PetParadise,pets,2031,66,0.0325,0.4571,603.52,48.28
2026-06-08,aff_001,TechReviewPro,electronics,2399,92,0.0384,0.54,994.85,79.59
2026-06-08,aff_002,GadgetGuru,electronics,1472,34,0.0236,0.3313,229.84,18.39
2026-06-08,aff_003,HomeEssentials,home,2120,71,0.0339,0.477,686.1,54.89
2026-06-08,aff_004,FitLifeDeals,fitness,2224,79,0.0356,0.5006,792.72,63.42
2026-06-08,aff_005,BudgetBuyer,general,3182,54,0.017,0.1909,206.21,16.5
2026-06-08,aff_006,PremiumPickz,luxury,1322,93,0.0705,1.2394,2310.55,184.84
2026-06-08,aff_007,EcoFriendlyShop,sustainability,2359,89,0.0378,0.5309,945.74,75.66
2026-06-08,aff_008,PetParadise,pets,1759,49,0.0282,0.3959,392.08,31.37
2026-06-09,aff_001,TechReviewPro,electronics,1616,41,0.0259,0.3637,303.96,24.32
2026-06-09,aff_002,GadgetGuru,electronics,1343,28,0.0215,0.3022,174.43,13.95
2026-06-09,aff_003,HomeEssentials,home,1700,46,0.0272,0.3827,354.14,28.33
2026-06-09,aff_004,FitLifeDeals,fitness,2135,72,0.0342,0.4805,701.06,56.08
2026-06-09,aff_005,BudgetBuyer,general,3076,50,0.0164,0.1846,186.36,14.91
2026-06-09,aff_006,PremiumPickz,luxury,1064,60,0.0568,0.9981,1205.96,96.48
2026-06-09,aff_007,EcoFriendlyShop,sustainability,2159,74,0.0346,0.4859,724.97,58.0
2026-06-09,aff_008,PetParadise,pets,2213,78,0.0354,0.498,780.69,62.46
2026-06-10,aff_001,TechReviewPro,electronics,1734,48,0.0277,0.3902,375.49,30.04
2026-06-10,aff_002,GadgetGuru,electronics,1619,41,0.0259,0.3645,305.91,24.47
2026-06-10,aff_003,HomeEssentials,home,2198,77,0.0352,0.4946,764.8,61.18
2026-06-10,aff_004,FitLifeDeals,fitness,1691,45,0.0271,0.3806,348.41,27.87
2026-06-10,aff_005,BudgetBuyer,general,3383,61,0.018,0.203,247.81,19.82
2026-06-10,aff_006,PremiumPickz,luxury,1423,108,0.0759,1.3341,2881.74,230.54
2026-06-10,aff_007,EcoFriendlyShop,sustainability,1686,45,0.027,0.3795,345.26,27.62
2026-06-10,aff_008,PetParadise,pets,1620,42,0.0259,0.3646,306.32,24.51
2026-06-11,aff_001,TechReviewPro,electronics,1849,54,0.0296,0.4162,455.42,36.43
2026-06-11,aff_002,GadgetGuru,electronics,1656,43,0.0265,0.3727,327.13,26.17
2026-06-11,aff_003,HomeEssentials,home,2366,89,0.0379,0.5325,954.06,76.32
2026-06-11,aff_004,FitLifeDeals,fitness,1917,58,0.0307,0.4314,507.39,40.59
2026-06-11,aff_005,BudgetBuyer,general,3258,56,0.0174,0.1955,221.33,17.71
2026-06-11,aff_006,PremiumPickz,luxury,996,52,0.0531,0.9342,989.0,79.12
2026-06-11,aff_007,EcoFriendlyShop,sustainability,2152,74,0.0344,0.4843,717.89,57.43
2026-06-11,aff_008,PetParadise,pets,2101,70,0.0336,0.4729,668.25,53.46
2026-06-12,aff_001,TechReviewPro,electronics,1681,45,0.0269,0.3783,342.22,27.38
2026-06-12,aff_002,GadgetGuru,electronics,1707,46,0.0273,0.3843,358.48,28.68
2026-06-12,aff_003,HomeEssentials,home,2280,83,0.0365,0.5131,853.54,68.28
2026-06-12,aff_004,FitLifeDeals,fitness,2080,69,0.0333,0.4681,648.13,51.85
2026-06-12,aff_005,BudgetBuyer,general,2545,34,0.0136,0.1527,105.52,8.44
2026-06-12,aff_006,PremiumPickz,luxury,1432,109,0.0764,1.3427,2937.5,235.0
2026-06-12,aff_007,EcoFriendlyShop,sustainability,2226,79,0.0356,0.5009,794.24,63.54
2026-06-12,aff_008,PetParadise,pets,1877,56,0.03,0.4225,476.52,38.12
2026-06-13,aff_001,TechReviewPro,electronics,1942,60,0.0311,0.4371,527.71,42.22
2026-06-13,aff_002,GadgetGuru,electronics,1453,33,0.0233,0.3271,221.16,17.69
2026-06-13,aff_003,HomeEssentials,home,2004,64,0.0321,0.4511,579.91,46.39
2026-06-13,aff_004,FitLifeDeals,fitness,1872,56,0.03,0.4214,472.83,37.83
2026-06-13,aff_005,BudgetBuyer,general,3419,62,0.0182,0.2052,255.86,20.47
2026-06-13,aff_006,PremiumPickz,luxury,1354,97,0.0723,1.27,2484.95,198.8
2026-06-13,aff_007,EcoFriendlyShop,sustainability,1684,45,0.027,0.379,344.02,27.52
2026-06-13,aff_008,PetParadise,pets,2368,89,0.0379,0.5329,956.55,76.52
2026-06-14,aff_001,TechReviewPro,electronics,2108,71,0.0337,0.4744,674.74,53.98
2026-06-14,aff_002,GadgetGuru,electronics,1727,47,0.0276,0.3887,371.03,29.68
2026-06-14,aff_003,HomeEssentials,home,2165,75,0.0347,0.4873,731.22,58.5
2026-06-14,aff_004,FitLifeDeals,fitness,1948,60,0.0312,0.4384,532.44,42.6
2026-06-14,aff_005,BudgetBuyer,general,3280,57,0.0175,0.1968,225.92,18.07
2026-06-14,aff_006,PremiumPickz,luxury,1423,108,0.0759,1.3345,2883.21,230.66
2026-06-14,aff_007,EcoFriendlyShop,sustainability,1816,52,0.0291,0.4086,431.23,34.5
2026-06-14,aff_008,PetParadise,pets,2246,80,0.0359,0.5055,816.17,65.29
2026-06-15,aff_001,TechReviewPro,electronics,2030,65,0.0325,0.4569,602.63,48.21
2026-06-15,aff_002,GadgetGuru,electronics,1509,36,0.0242,0.3397,247.72,19.82
2026-06-15,aff_003,HomeEssentials,home,1948,60,0.0312,0.4384,532.48,42.6
2026-06-15,aff_004,FitLifeDeals,fitness,2184,76,0.035,0.4916,750.61,60.05
2026-06-15,aff_005,BudgetBuyer,general,2722,39,0.0145,0.1633,129.08,10.33
2026-06-15,aff_006,PremiumPickz,luxury,1368,99,0.073,1.2833,2563.19,205.06
2026-06-15,aff_007,EcoFriendlyShop,sustainability,2264,82,0.0362,0.5095,835.96,66.88
2026-06-15,aff_008,PetParadise,pets,1669,44,0.0267,0.3756,334.87,26.79
2026-06-16,aff_001,TechReviewPro,electronics,2305,85,0.0369,0.5187,881.98,70.56
2026-06-16,aff_002,GadgetGuru,electronics,1358,29,0.0217,0.3056,180.39,14.43
2026-06-16,aff_003,HomeEssentials,home,1971,62,0.0315,0.4436,551.73,44.14
2026-06-16,aff_004,FitLifeDeals,fitness,2088,69,0.0334,0.4699,655.59,52.45
2026-06-16,aff_005,BudgetBuyer,general,2854,43,0.0152,0.1713,148.86,11.91
2026-06-16,aff_006,PremiumPickz,luxury,973,50,0.0519,0.9129,922.64,73.81
2026-06-16,aff_007,EcoFriendlyShop,sustainability,2280,83,0.0365,0.5132,853.94,68.32
2026-06-16,aff_008,PetParadise,pets,1745,48,0.0279,0.3927,382.78,30.62
2026-06-17,aff_001,TechReviewPro,electronics,1769,50,0.0283,0.3982,398.89,31.91
2026-06-17,aff_002,GadgetGuru,electronics,1686,45,0.027,0.3794,345.13,27.61
2026-06-17,aff_003,HomeEssentials,home,1872,56,0.03,0.4213,472.47,37.8
2026-06-17,aff_004,FitLifeDeals,fitness,2304,84,0.0369,0.5185,880.8,70.46
2026-06-17,aff_005,BudgetBuyer,general,3241,56,0.0173,0.1945,217.94,17.44
2026-06-17,aff_006,PremiumPickz,luxury,1092,63,0.0583,1.0243,1303.62,104.29
2026-06-17,aff_007,EcoFriendlyShop,sustainability,1608,41,0.0257,0.3618,299.4,23.95
2026-06-17,aff_008,PetParadise,pets,2358,88,0.0377,0.5307,944.34,75.55
2026-06-18,aff_001,TechReviewPro,electronics,1668,44,0.0267,0.3754,334.33,26.75
2026-06-18,aff_002,GadgetGuru,electronics,1632,42,0.0261,0.3672,312.98,25.04
2026-06-18,aff_003,HomeEssentials,home,1990,63,0.0319,0.4479,567.89,45.43
2026-06-18,aff_004,FitLifeDeals,fitness,2206,77,0.0353,0.4965,773.32,61.87
2026-06-18,aff_005,BudgetBuyer,general,3228,55,0.0172,0.1937,215.37,17.23
2026-06-18,aff_006,PremiumPickz,luxury,1270,86,0.0677,1.1907,2048.49,163.88
2026-06-18,aff_007,EcoFriendlyShop,sustainability,1992,63,0.0319,0.4483,569.49,45.56
2026-06-18,aff_008,PetParadise,pets,2234,79,0.0357,0.5027,803.0,64.24
2026-06-19,aff_001,TechReviewPro,electronics,1674,44,0.0268,0.3767,337.93,27.03
2026-06-19,aff_002,GadgetGuru,electronics,1327,28,0.0212,0.2986,168.25,13.46
2026-06-19,aff_003,HomeEssentials,home,2153,74,0.0345,0.4845,718.85,57.51
2026-06-19,aff_004,FitLifeDeals,fitness,1844,54,0.0295,0.4151,451.93,36.15
2026-06-19,aff_005,BudgetBuyer,general,3097,51,0.0165,0.1859,190.22,15.22
2026-06-19,aff_006,PremiumPickz,luxury,1187,75,0.0633,1.113,1672.91,133.83
2026-06-19,aff_007,EcoFriendlyShop,sustainability,2024,65,0.0324,0.4556,597.42,47.79
2026-06-19,aff_008,PetParadise,pets,1940,60,0.031,0.4366,525.92,42.07
2026-06-20,aff_001,TechReviewPro,electronics,2196,77,0.0351,0.4943,763.0,61.04
2026-06-20,aff_002,GadgetGuru,electronics,1386,30,0.0222,0.3119,191.71,15.34
2026-06-20,aff_003,HomeEssentials,home,2162,74,0.0346,0.4865,727.8,58.22
2026-06-20,aff_004,FitLifeDeals,fitness,1816,52,0.0291,0.4088,431.55,34.52
2026-06-20,aff_005,BudgetBuyer,general,2701,38,0.0144,0.1621,126.18,10.09
2026-06-20,aff_006,PremiumPickz,luxury,1017,55,0.0543,0.9543,1053.77,84.3
2026-06-20,aff_007,EcoFriendlyShop,sustainability,1754,49,0.0281,0.3947,388.56,31.08
2026-06-20,aff_008,PetParadise,pets,1695,45,0.0271,0.3815,350.89,28.07
2026-06-21,aff_001,TechReviewPro,electronics,2028,65,0.0325,0.4565,600.94,48.08
2026-06-21,aff_002,GadgetGuru,electronics,1635,42,0.0262,0.3679,314.78,25.18
2026-06-21,aff_003,HomeEssentials,home,1748,48,0.028,0.3933,384.61,30.77
2026-06-21,aff_004,FitLifeDeals,fitness,1773,50,0.0284,0.3989,401.34,32.11
2026-06-21,aff_005,BudgetBuyer,general,2981,47,0.0159,0.1789,169.54,13.56
2026-06-21,aff_006,PremiumPickz,luxury,1307,91,0.0697,1.2261,2235.42,178.83
2026-06-21,aff_007,EcoFriendlyShop,sustainability,2381,90,0.0381,0.5358,972.11,77.77
2026-06-21,aff_008,PetParadise,pets,2019,65,0.0323,0.4544,592.99,47.44
2026-06-22,aff_001,TechReviewPro,electronics,1826,53,0.0292,0.4109,438.56,35.08
2026-06-22,aff_002,GadgetGuru,electronics,1237,24,0.0198,0.2785,136.48,10.92
2026-06-22,aff_003,HomeEssentials,home,1755,49,0.0281,0.3949,389.32,31.15
2026-06-22,aff_004,FitLifeDeals,fitness,1781,50,0.0285,0.4009,407.2,32.58
2026-06-22,aff_005,BudgetBuyer,general,2615,36,0.0139,0.1569,114.47,9.16
2026-06-22,aff_006,PremiumPickz,luxury,966,49,0.0516,0.9064,902.91,72.23
2026-06-22,aff_007,EcoFriendlyShop,sustainability,2027,65,0.0324,0.4561,599.83,47.99
2026-06-22,aff_008,PetParadise,pets,1819,52,0.0291,0.4094,433.56,34.68
2026-06-23,aff_001,TechReviewPro,electronics,2379,90,0.0381,0.5354,969.78,77.58
2026-06-23,aff_002,GadgetGuru,electronics,1497,35,0.024,0.337,241.86,19.35
2026-06-23,aff_003,HomeEssentials,home,2157,74,0.0345,0.4855,723.2,57.86
2026-06-23,aff_004,FitLifeDeals,fitness,1701,46,0.0272,0.3827,354.37,28.35
2026-06-23,aff_005,BudgetBuyer,general,3442,63,0.0184,0.2065,261.01,20.88
2026-06-23,aff_006,PremiumPickz,luxury,1195,76,0.0638,1.1209,1708.27,136.66
2026-06-23,aff_007,EcoFriendlyShop,sustainability,2298,84,0.0368,0.5171,873.87,69.91
2026-06-23,aff_008,PetParadise,pets,2059,67,0.0329,0.4633,628.65,50.29
2026-06-24,aff_001,TechReviewPro,electronics,1975,62,0.0316,0.4445,554.96,44.4
2026-06-24,aff_002,GadgetGuru,electronics,1425,32,0.0228,0.3207,208.41,16.67
2026-06-24,aff_003,HomeEssentials,home,1747,48,0.028,0.3932,384.11,30.73
2026-06-24,aff_004,FitLifeDeals,fitness,1641,43,0.0263,0.3692,318.21,25.46
2026-06-24,aff_005,BudgetBuyer,general,3529,66,0.0188,0.2118,281.32,22.51
2026-06-24,aff_006,PremiumPickz,luxury,1189,75,0.0634,1.115,1681.79,134.54
2026-06-24,aff_007,EcoFriendlyShop,sustainability,2257,81,0.0361,0.508,828.31,66.26
2026-06-24,aff_008,PetParadise,pets,1920,58,0.0307,0.4321,509.91,40.79
2026-06-25,aff_001,TechReviewPro,electronics,1659,44,0.0265,0.3733,328.86,26.31
2026-06-25,aff_002,GadgetGuru,electronics,1528,37,0.0245,0.3439,257.06,20.56
2026-06-25,aff_003,HomeEssentials,home,1642,43,0.0263,0.3696,319.1,25.53
2026-06-25,aff_004,FitLifeDeals,fitness,1719,47,0.0275,0.3869,365.88,29.27
2026-06-25,aff_005,BudgetBuyer,general,3075,50,0.0164,0.1845,186.14,14.89
2026-06-25,aff_006,PremiumPickz,luxury,1105,65,0.059,1.0367,1351.29,108.1
2026-06-25,aff_007,EcoFriendlyShop,sustainability,2395,91,0.0383,0.5389,989.23,79.14
2026-06-25,aff_008,PetParadise,pets,1694,45,0.0271,0.3813,350.32,28.03
2026-06-26,aff_001,TechReviewPro,electronics,2211,78,0.0354,0.4976,778.6,62.29
2026-06-26,aff_002,GadgetGuru,electronics,1508,36,0.0241,0.3393,246.97,19.76
2026-06-26,aff_003,HomeEssentials,home,2232,79,0.0357,0.5023,801.02,64.08
2026-06-26,aff_004,FitLifeDeals,fitness,1780,50,0.0285,0.4006,406.31,32.5
2026-06-26,aff_005,BudgetBuyer,general,3027,48,0.0161,0.1816,177.52,14.2
2026-06-26,aff_006,PremiumPickz,luxury,1176,73,0.0627,1.1027,1627.06,130.16
2026-06-26,aff_007,EcoFriendlyShop,sustainability,1954,61,0.0313,0.4397,537.26,42.98
2026-06-26,aff_008,PetParadise,pets,2288,83,0.0366,0.5148,862.48,69.0
2026-06-27,aff_001,TechReviewPro,electronics,2392,91,0.0383,0.5382,985.43,78.83
2026-06-27,aff_002,GadgetGuru,electronics,1327,28,0.0212,0.2988,168.47,13.48
2026-06-27,aff_003,HomeEssentials,home,2096,70,0.0335,0.4718,663.51,53.08
2026-06-27,aff_004,FitLifeDeals,fitness,2087,69,0.0334,0.4697,654.93,52.39
2026-06-27,aff_005,BudgetBuyer,general,3288,57,0.0175,0.1973,227.51,18.2
2026-06-27,aff_006,PremiumPickz,luxury,1414,106,0.0755,1.3264,2830.52,226.44
2026-06-27,aff_007,EcoFriendlyShop,sustainability,1766,49,0.0283,0.3974,396.66,31.73
2026-06-27,aff_008,PetParadise,pets,1768,50,0.0283,0.398,398.27,31.86
2026-06-28,aff_001,TechReviewPro,electronics,2128,72,0.0341,0.4789,694.04,55.52
2026-06-28,aff_002,GadgetGuru,electronics,1236,24,0.0198,0.2783,136.11,10.89
2026-06-28,aff_003,HomeEssentials,home,1739,48,0.0278,0.3913,378.67,30.29
2026-06-28,aff_004,FitLifeDeals,fitness,1660,44,0.0266,0.3735,329.37,26.35
2026-06-28,aff_005,BudgetBuyer,general,2403,30,0.0128,0.1442,88.82,7.11
2026-06-28,aff_006,PremiumPickz,luxury,1176,73,0.0627,1.1027,1627.05,130.16
2026-06-28,aff_007,EcoFriendlyShop,sustainability,2075,68,0.0332,0.4669,643.29,51.46
2026-06-28,aff_008,PetParadise,pets,1833,53,0.0293,0.4124,443.43,35.47
2026-06-29,aff_001,TechReviewPro,electronics,1785,50,0.0286,0.4017,409.58,32.77
2026-06-29,aff_002,GadgetGuru,electronics,1544,38,0.0247,0.3476,265.28,21.22
2026-06-29,aff_003,HomeEssentials,home,2162,74,0.0346,0.4865,727.87,58.23
2026-06-29,aff_004,FitLifeDeals,fitness,1963,61,0.0314,0.4417,544.74,43.58
2026-06-29,aff_005,BudgetBuyer,general,3224,55,0.0172,0.1935,214.58,17.17
2026-06-29,aff_006,PremiumPickz,luxury,1403,105,0.0749,1.3158,2763.56,221.08
2026-06-29,aff_007,EcoFriendlyShop,sustainability,2230,79,0.0357,0.5018,798.64,63.89
2026-06-29,aff_008,PetParadise,pets,2100,70,0.0336,0.4725,666.82,53.35
2026-06-30,aff_001,TechReviewPro,electronics,2128,72,0.0341,0.479,694.44,55.56
2026-06-30,aff_002,GadgetGuru,electronics,1666,44,0.0267,0.3749,333.06,26.64
2026-06-30,aff_003,HomeEssentials,home,1940,60,0.031,0.4365,525.76,42.06
2026-06-30,aff_004,FitLifeDeals,fitness,2035,66,0.0326,0.458,607.16,48.57
2026-06-30,aff_005,BudgetBuyer,general,3177,53,0.0169,0.1906,205.25,16.42
2026-06-30,aff_006,PremiumPickz,luxury,1396,103,0.0745,1.3088,2720.69,217.66
2026-06-30,aff_007,EcoFriendlyShop,sustainability,2261,81,0.0362,0.5088,832.44,66.6
2026-06-30,aff_008,PetParadise,pets,1657,43,0.0265,0.3729,327.62,26.21
2026-07-01,aff_001,TechReviewPro,electronics,1732,48,0.0277,0.3899,374.41,29.95
2026-07-01,aff_002,GadgetGuru,electronics,1304,27,0.0209,0.2935,159.79,12.78
2026-07-01,aff_003,HomeEssentials,home,2199,77,0.0352,0.4948,765.73,61.26
2026-07-01,aff_004,FitLifeDeals,fitness,2055,67,0.0329,0.4625,625.06,50.0
2026-07-01,aff_005,BudgetBuyer,general,2746,40,0.0146,0.1648,132.55,10.6
2026-07-01,aff_006,PremiumPickz,luxury,1019,55,0.0544,0.956,1059.52,84.76
2026-07-01,aff_007,EcoFriendlyShop,sustainability,2150,73,0.0344,0.484,716.19,57.3
2026-07-01,aff_008,PetParadise,pets,2159,74,0.0346,0.486,725.12,58.01
2026-07-02,aff_001,TechReviewPro,electronics,2354,88,0.0377,0.5297,939.3,75.14
2026-07-02,aff_002,GadgetGuru,electronics,1406,31,0.0225,0.3166,200.38,16.03
2026-07-02,aff_003,HomeEssentials,home,1995,63,0.0319,0.4489,571.71,45.74
2026-07-02,aff_004,FitLifeDeals,fitness,1664,44,0.0266,0.3745,331.88,26.55
2026-07-02,aff_005,BudgetBuyer,general,2447,31,0.0131,0.1469,93.84,7.51
2026-07-02,aff_006,PremiumPickz,luxury,1167,72,0.0623,1.0944,1590.34,127.23
2026-07-02,aff_007,EcoFriendlyShop,sustainability,1857,55,0.0297,0.418,461.5,36.92
2026-07-02,aff_008,PetParadise,pets,1800,51,0.0288,0.4051,420.04,33.6
