date,competitor_id,competitor_name,domain,est_traffic,domain_authority,backlinks,content_pieces,avg_position
2026-04-04,comp_001,RivalReviews,rivalreviews.com,88743,69.6,18559,294,11.0
2026-04-04,comp_002,TopPickDaily,toppickdaily.com,120980,61.4,20562,795,18.0
2026-04-04,comp_003,DealHunterPro,dealhunterpro.com,157222,57.9,23929,500,11.9
2026-04-05,comp_001,RivalReviews,rivalreviews.com,116185,65.3,12998,673,14.8
2026-04-05,comp_002,TopPickDaily,toppickdaily.com,83388,50.9,18190,760,18.0
2026-04-05,comp_003,DealHunterPro,dealhunterpro.com,153818,69.1,23750,568,17.7
2026-04-06,comp_001,RivalReviews,rivalreviews.com,139721,45.5,19771,328,14.9
2026-04-06,comp_002,TopPickDaily,toppickdaily.com,58821,58.0,9884,492,18.7
2026-04-06,comp_003,DealHunterPro,dealhunterpro.com,175965,41.9,5058,621,8.0
2026-04-07,comp_001,RivalReviews,rivalreviews.com,190680,55.5,26208,587,11.5
2026-04-07,comp_002,TopPickDaily,toppickdaily.com,162979,37.0,14476,408,16.3
2026-04-07,comp_003,DealHunterPro,dealhunterpro.com,85341,41.9,7210,289,6.9
2026-04-08,comp_001,RivalReviews,rivalreviews.com,60342,46.8,14439,286,13.5
2026-04-08,comp_002,TopPickDaily,toppickdaily.com,52186,40.3,14233,378,10.8
2026-04-08,comp_003,DealHunterPro,dealhunterpro.com,102588,62.6,7742,310,15.7
2026-04-09,comp_001,RivalReviews,rivalreviews.com,126079,63.6,14877,273,6.0
2026-04-09,comp_002,TopPickDaily,toppickdaily.com,110280,54.1,15080,337,18.2
2026-04-09,comp_003,DealHunterPro,dealhunterpro.com,185540,57.5,10642,508,16.0
2026-04-10,comp_001,RivalReviews,rivalreviews.com,106673,40.9,20078,309,18.8
2026-04-10,comp_002,TopPickDaily,toppickdaily.com,192784,61.9,17971,442,18.2
2026-04-10,comp_003,DealHunterPro,dealhunterpro.com,49666,53.4,25485,369,19.4
2026-04-11,comp_001,RivalReviews,rivalreviews.com,171044,49.0,17954,633,9.6
2026-04-11,comp_002,TopPickDaily,toppickdaily.com,140527,55.8,17230,220,15.6
2026-04-11,comp_003,DealHunterPro,dealhunterpro.com,96295,52.5,8176,287,13.5
2026-04-12,comp_001,RivalReviews,rivalreviews.com,109730,55.7,27659,373,14.6
2026-04-12,comp_002,TopPickDaily,toppickdaily.com,86396,60.6,15804,336,19.1
2026-04-12,comp_003,DealHunterPro,dealhunterpro.com,115201,56.1,5225,595,14.2
2026-04-13,comp_001,RivalReviews,rivalreviews.com,109381,60.4,19644,403,16.6
2026-04-13,comp_002,TopPickDaily,toppickdaily.com,171053,58.4,25686,613,6.4
2026-04-13,comp_003,DealHunterPro,dealhunterpro.com,158413,54.5,19760,373,15.6
2026-04-14,comp_001,RivalReviews,rivalreviews.com,110486,48.3,25784,658,5.5
2026-04-14,comp_002,TopPickDaily,toppickdaily.com,189016,52.9,10459,210,9.1
2026-04-14,comp_003,DealHunterPro,dealhunterpro.com,112410,46.3,22049,414,17.1
2026-04-15,comp_001,RivalReviews,rivalreviews.com,117477,48.2,11380,703,14.8
2026-04-15,comp_002,TopPickDaily,toppickdaily.com,74792,60.9,14035,679,12.7
2026-04-15,comp_003,DealHunterPro,dealhunterpro.com,132608,59.7,19119,608,13.5
2026-04-16,comp_001,RivalReviews,rivalreviews.com,63218,38.3,10491,494,7.7
2026-04-16,comp_002,TopPickDaily,toppickdaily.com,168110,46.0,22050,798,15.5
2026-04-16,comp_003,DealHunterPro,dealhunterpro.com,88517,57.2,16455,767,14.7
2026-04-17,comp_001,RivalReviews,rivalreviews.com,62899,74.2,17215,867,9.9
2026-04-17,comp_002,TopPickDaily,toppickdaily.com,124311,52.7,24839,756,8.7
2026-04-17,comp_003,DealHunterPro,dealhunterpro.com,107990,51.1,4901,302,6.0
2026-04-18,comp_001,RivalReviews,rivalreviews.com,54578,63.0,29875,460,6.2
2026-04-18,comp_002,TopPickDaily,toppickdaily.com,70938,46.9,19617,245,11.6
2026-04-18,comp_003,DealHunterPro,dealhunterpro.com,147436,62.4,14180,371,7.0
2026-04-19,comp_001,RivalReviews,rivalreviews.com,95828,39.5,12641,641,18.2
2026-04-19,comp_002,TopPickDaily,toppickdaily.com,150817,66.4,21771,577,6.6
2026-04-19,comp_003,DealHunterPro,dealhunterpro.com,50168,45.1,23890,218,6.3
2026-04-20,comp_001,RivalReviews,rivalreviews.com,126035,53.2,22385,259,16.4
2026-04-20,comp_002,TopPickDaily,toppickdaily.com,95354,52.1,7483,658,8.6
2026-04-20,comp_003,DealHunterPro,dealhunterpro.com,151925,41.1,14888,690,18.6
2026-04-21,comp_001,RivalReviews,rivalreviews.com,103349,69.8,25159,483,10.2
2026-04-21,comp_002,TopPickDaily,toppickdaily.com,61380,54.3,6277,632,7.4
2026-04-21,comp_003,DealHunterPro,dealhunterpro.com,147736,48.4,15752,644,11.8
2026-04-22,comp_001,RivalReviews,rivalreviews.com,160843,39.7,12134,437,18.4
2026-04-22,comp_002,TopPickDaily,toppickdaily.com,101596,69.9,25628,303,10.1
2026-04-22,comp_003,DealHunterPro,dealhunterpro.com,102015,39.0,19043,587,5.7
2026-04-23,comp_001,RivalReviews,rivalreviews.com,175525,65.9,15573,317,8.0
2026-04-23,comp_002,TopPickDaily,toppickdaily.com,181497,54.4,23469,667,21.3
2026-04-23,comp_003,DealHunterPro,dealhunterpro.com,101660,58.5,29656,581,11.5
2026-04-24,comp_001,RivalReviews,rivalreviews.com,110165,59.4,5645,309,4.7
2026-04-24,comp_002,TopPickDaily,toppickdaily.com,79857,55.5,10367,605,18.2
2026-04-24,comp_003,DealHunterPro,dealhunterpro.com,155586,44.6,9282,767,10.1
2026-04-25,comp_001,RivalReviews,rivalreviews.com,49856,39.8,11218,289,12.6
2026-04-25,comp_002,TopPickDaily,toppickdaily.com,59590,43.1,10473,320,19.3
2026-04-25,comp_003,DealHunterPro,dealhunterpro.com,105391,59.1,9877,222,18.4
2026-04-26,comp_001,RivalReviews,rivalreviews.com,57514,65.3,15661,727,7.2
2026-04-26,comp_002,TopPickDaily,toppickdaily.com,104113,51.3,27438,648,20.8
2026-04-26,comp_003,DealHunterPro,dealhunterpro.com,218705,72.8,29532,262,7.9
2026-04-27,comp_001,RivalReviews,rivalreviews.com,183591,49.6,15681,460,15.2
2026-04-27,comp_002,TopPickDaily,toppickdaily.com,94951,45.3,22346,343,14.3
2026-04-27,comp_003,DealHunterPro,dealhunterpro.com,104894,44.0,26331,765,18.8
2026-04-28,comp_001,RivalReviews,rivalreviews.com,200006,50.6,7694,527,16.4
2026-04-28,comp_002,TopPickDaily,toppickdaily.com,115301,57.1,19288,461,11.4
2026-04-28,comp_003,DealHunterPro,dealhunterpro.com,97571,50.9,22202,624,12.3
2026-04-29,comp_001,RivalReviews,rivalreviews.com,105038,64.5,18691,211,7.9
2026-04-29,comp_002,TopPickDaily,toppickdaily.com,168814,48.8,11898,689,12.8
2026-04-29,comp_003,DealHunterPro,dealhunterpro.com,115358,61.4,9086,272,12.7
2026-04-30,comp_001,RivalReviews,rivalreviews.com,133509,52.4,19918,442,11.7
2026-04-30,comp_002,TopPickDaily,toppickdaily.com,167567,48.6,14294,302,8.4
2026-04-30,comp_003,DealHunterPro,dealhunterpro.com,106883,43.7,26822,522,15.1
2026-05-01,comp_001,RivalReviews,rivalreviews.com,199796,45.4,7171,235,8.5
2026-05-01,comp_002,TopPickDaily,toppickdaily.com,93356,46.1,23848,573,8.6
2026-05-01,comp_003,DealHunterPro,dealhunterpro.com,207912,72.8,24788,670,19.5
2026-05-02,comp_001,RivalReviews,rivalreviews.com,85591,58.3,22162,398,10.0
2026-05-02,comp_002,TopPickDaily,toppickdaily.com,150667,55.0,18101,667,7.4
2026-05-02,comp_003,DealHunterPro,dealhunterpro.com,82316,61.2,16515,499,16.4
2026-05-03,comp_001,RivalReviews,rivalreviews.com,166536,56.6,26075,407,8.2
2026-05-03,comp_002,TopPickDaily,toppickdaily.com,163048,48.8,17127,563,11.2
2026-05-03,comp_003,DealHunterPro,dealhunterpro.com,70325,69.4,5323,696,17.8
2026-05-04,comp_001,RivalReviews,rivalreviews.com,109256,58.6,14600,645,12.6
2026-05-04,comp_002,TopPickDaily,toppickdaily.com,51625,61.3,27077,282,18.6
2026-05-04,comp_003,DealHunterPro,dealhunterpro.com,139570,56.1,19510,695,19.0
2026-05-05,comp_001,RivalReviews,rivalreviews.com,102171,52.7,9134,249,12.7
2026-05-05,comp_002,TopPickDaily,toppickdaily.com,182426,42.4,7534,526,5.4
2026-05-05,comp_003,DealHunterPro,dealhunterpro.com,127953,47.3,6991,807,9.6
2026-05-06,comp_001,RivalReviews,rivalreviews.com,140983,39.9,6092,483,7.2
2026-05-06,comp_002,TopPickDaily,toppickdaily.com,119659,47.9,8327,559,13.0
2026-05-06,comp_003,DealHunterPro,dealhunterpro.com,176595,60.3,7536,295,10.5
2026-05-07,comp_001,RivalReviews,rivalreviews.com,126300,60.5,29673,575,13.1
2026-05-07,comp_002,TopPickDaily,toppickdaily.com,94691,41.7,8884,247,11.4
2026-05-07,comp_003,DealHunterPro,dealhunterpro.com,136806,71.4,28640,505,14.5
2026-05-08,comp_001,RivalReviews,rivalreviews.com,97609,69.6,17186,649,16.4
2026-05-08,comp_002,TopPickDaily,toppickdaily.com,136203,61.7,8998,335,17.8
2026-05-08,comp_003,DealHunterPro,dealhunterpro.com,124210,70.5,10033,566,11.4
2026-05-09,comp_001,RivalReviews,rivalreviews.com,93616,72.0,12900,628,10.2
2026-05-09,comp_002,TopPickDaily,toppickdaily.com,167587,66.8,11299,537,21.5
2026-05-09,comp_003,DealHunterPro,dealhunterpro.com,201402,42.7,7711,666,10.0
2026-05-10,comp_001,RivalReviews,rivalreviews.com,87052,54.6,16391,241,15.3
2026-05-10,comp_002,TopPickDaily,toppickdaily.com,112526,65.5,27712,459,5.4
2026-05-10,comp_003,DealHunterPro,dealhunterpro.com,173115,46.0,21889,453,5.6
2026-05-11,comp_001,RivalReviews,rivalreviews.com,87180,69.2,8588,698,17.8
2026-05-11,comp_002,TopPickDaily,toppickdaily.com,49237,40.2,11539,486,10.1
2026-05-11,comp_003,DealHunterPro,dealhunterpro.com,150637,55.2,8090,379,7.6
2026-05-12,comp_001,RivalReviews,rivalreviews.com,137172,42.2,20331,636,15.6
2026-05-12,comp_002,TopPickDaily,toppickdaily.com,161902,68.8,15181,395,5.9
2026-05-12,comp_003,DealHunterPro,dealhunterpro.com,149430,56.8,25424,382,7.7
2026-05-13,comp_001,RivalReviews,rivalreviews.com,103997,64.0,12330,289,13.8
2026-05-13,comp_002,TopPickDaily,toppickdaily.com,172152,60.3,24321,283,7.1
2026-05-13,comp_003,DealHunterPro,dealhunterpro.com,65036,49.0,18730,308,8.0
2026-05-14,comp_001,RivalReviews,rivalreviews.com,192430,44.0,10430,417,7.7
2026-05-14,comp_002,TopPickDaily,toppickdaily.com,95529,50.7,16147,234,16.9
2026-05-14,comp_003,DealHunterPro,dealhunterpro.com,108506,43.3,10777,392,14.4
2026-05-15,comp_001,RivalReviews,rivalreviews.com,71578,61.5,32639,778,8.3
2026-05-15,comp_002,TopPickDaily,toppickdaily.com,152831,75.8,24465,662,21.4
2026-05-15,comp_003,DealHunterPro,dealhunterpro.com,103673,61.3,28149,405,18.5
2026-05-16,comp_001,RivalReviews,rivalreviews.com,99907,58.0,19555,427,14.6
2026-05-16,comp_002,TopPickDaily,toppickdaily.com,130728,65.9,10236,539,17.5
2026-05-16,comp_003,DealHunterPro,dealhunterpro.com,154543,60.3,19710,226,10.2
2026-05-17,comp_001,RivalReviews,rivalreviews.com,69791,44.3,5705,723,13.4
2026-05-17,comp_002,TopPickDaily,toppickdaily.com,175235,54.3,13019,638,17.9
2026-05-17,comp_003,DealHunterPro,dealhunterpro.com,197455,59.7,12262,215,17.8
2026-05-18,comp_001,RivalReviews,rivalreviews.com,83423,54.3,26732,578,8.4
2026-05-18,comp_002,TopPickDaily,toppickdaily.com,163842,60.4,15081,407,12.1
2026-05-18,comp_003,DealHunterPro,dealhunterpro.com,162650,37.9,8842,523,6.4
2026-05-19,comp_001,RivalReviews,rivalreviews.com,59991,54.4,24255,714,8.0
2026-05-19,comp_002,TopPickDaily,toppickdaily.com,145355,45.2,21097,317,7.0
2026-05-19,comp_003,DealHunterPro,dealhunterpro.com,88143,50.8,19841,344,15.9
2026-05-20,comp_001,RivalReviews,rivalreviews.com,179429,47.6,8421,425,11.5
2026-05-20,comp_002,TopPickDaily,toppickdaily.com,171756,67.6,26006,221,11.2
2026-05-20,comp_003,DealHunterPro,dealhunterpro.com,175429,72.4,21287,312,17.0
2026-05-21,comp_001,RivalReviews,rivalreviews.com,113744,51.0,13680,536,5.8
2026-05-21,comp_002,TopPickDaily,toppickdaily.com,111640,41.4,9032,192,11.6
2026-05-21,comp_003,DealHunterPro,dealhunterpro.com,129293,70.8,29791,817,11.1
2026-05-22,comp_001,RivalReviews,rivalreviews.com,145851,57.5,15187,222,18.8
2026-05-22,comp_002,TopPickDaily,toppickdaily.com,131735,44.8,15541,345,18.3
2026-05-22,comp_003,DealHunterPro,dealhunterpro.com,132061,57.1,23199,645,15.4
2026-05-23,comp_001,RivalReviews,rivalreviews.com,174028,51.3,6362,746,15.7
2026-05-23,comp_002,TopPickDaily,toppickdaily.com,160076,61.5,11940,489,15.8
2026-05-23,comp_003,DealHunterPro,dealhunterpro.com,133426,65.2,24758,197,15.8
2026-05-24,comp_001,RivalReviews,rivalreviews.com,192948,53.4,20221,761,13.1
2026-05-24,comp_002,TopPickDaily,toppickdaily.com,106381,60.9,10617,357,18.3
2026-05-24,comp_003,DealHunterPro,dealhunterpro.com,110823,50.8,15774,748,16.4
2026-05-25,comp_001,RivalReviews,rivalreviews.com,133469,58.1,12490,262,14.9
2026-05-25,comp_002,TopPickDaily,toppickdaily.com,119129,53.5,32227,749,5.5
2026-05-25,comp_003,DealHunterPro,dealhunterpro.com,141160,51.0,19525,584,6.9
2026-05-26,comp_001,RivalReviews,rivalreviews.com,151706,44.8,9310,749,11.5
2026-05-26,comp_002,TopPickDaily,toppickdaily.com,82740,44.4,10169,696,9.4
2026-05-26,comp_003,DealHunterPro,dealhunterpro.com,120274,63.5,22268,779,8.1
2026-05-27,comp_001,RivalReviews,rivalreviews.com,102246,46.3,12993,528,11.7
2026-05-27,comp_002,TopPickDaily,toppickdaily.com,67372,43.3,24617,211,14.2
2026-05-27,comp_003,DealHunterPro,dealhunterpro.com,70819,61.1,5686,616,21.7
2026-05-28,comp_001,RivalReviews,rivalreviews.com,199741,57.0,14127,481,11.1
2026-05-28,comp_002,TopPickDaily,toppickdaily.com,215516,69.5,30750,645,11.5
2026-05-28,comp_003,DealHunterPro,dealhunterpro.com,94247,45.5,6839,432,14.1
2026-05-29,comp_001,RivalReviews,rivalreviews.com,191447,46.2,20950,753,9.6
2026-05-29,comp_002,TopPickDaily,toppickdaily.com,179122,53.1,21274,619,12.6
2026-05-29,comp_003,DealHunterPro,dealhunterpro.com,76831,68.4,28435,675,5.2
2026-05-30,comp_001,RivalReviews,rivalreviews.com,55273,62.4,12770,453,13.7
2026-05-30,comp_002,TopPickDaily,toppickdaily.com,139055,41.6,15384,743,18.6
2026-05-30,comp_003,DealHunterPro,dealhunterpro.com,195952,73.7,25631,412,8.7
2026-05-31,comp_001,RivalReviews,rivalreviews.com,118872,53.1,24534,466,6.4
2026-05-31,comp_002,TopPickDaily,toppickdaily.com,100853,63.8,19829,767,8.0
2026-05-31,comp_003,DealHunterPro,dealhunterpro.com,66628,59.2,10904,323,16.1
2026-06-01,comp_001,RivalReviews,rivalreviews.com,65440,54.7,23625,305,19.5
2026-06-01,comp_002,TopPickDaily,toppickdaily.com,178229,50.4,12362,524,19.9
2026-06-01,comp_003,DealHunterPro,dealhunterpro.com,65059,51.8,21391,235,14.2
2026-06-02,comp_001,RivalReviews,rivalreviews.com,203883,67.7,21506,630,11.4
2026-06-02,comp_002,TopPickDaily,toppickdaily.com,167375,53.7,21968,560,18.6
2026-06-02,comp_003,DealHunterPro,dealhunterpro.com,88685,46.2,7635,269,17.1
2026-06-03,comp_001,RivalReviews,rivalreviews.com,175831,47.3,15434,774,21.0
2026-06-03,comp_002,TopPickDaily,toppickdaily.com,51024,42.5,18672,719,20.0
2026-06-03,comp_003,DealHunterPro,dealhunterpro.com,100974,58.2,24015,493,13.5
2026-06-04,comp_001,RivalReviews,rivalreviews.com,103223,53.0,15597,270,18.1
2026-06-04,comp_002,TopPickDaily,toppickdaily.com,133403,57.3,21387,306,16.0
2026-06-04,comp_003,DealHunterPro,dealhunterpro.com,164811,61.5,13488,842,7.3
2026-06-05,comp_001,RivalReviews,rivalreviews.com,171477,59.7,28272,546,17.1
2026-06-05,comp_002,TopPickDaily,toppickdaily.com,192309,48.8,25063,318,15.6
2026-06-05,comp_003,DealHunterPro,dealhunterpro.com,164687,44.2,28289,326,13.1
2026-06-06,comp_001,RivalReviews,rivalreviews.com,193381,58.5,25645,777,12.9
2026-06-06,comp_002,TopPickDaily,toppickdaily.com,146752,67.4,23164,420,12.5
2026-06-06,comp_003,DealHunterPro,dealhunterpro.com,147754,43.9,25260,417,6.7
2026-06-07,comp_001,RivalReviews,rivalreviews.com,143972,67.4,27569,657,12.5
2026-06-07,comp_002,TopPickDaily,toppickdaily.com,65883,56.8,11451,267,7.7
2026-06-07,comp_003,DealHunterPro,dealhunterpro.com,168260,42.3,24298,572,15.9
2026-06-08,comp_001,RivalReviews,rivalreviews.com,79188,75.2,17209,773,20.7
2026-06-08,comp_002,TopPickDaily,toppickdaily.com,180278,41.7,5801,724,13.6
2026-06-08,comp_003,DealHunterPro,dealhunterpro.com,199109,59.9,15381,224,8.8
2026-06-09,comp_001,RivalReviews,rivalreviews.com,152849,68.5,21271,424,15.3
2026-06-09,comp_002,TopPickDaily,toppickdaily.com,157565,67.1,28194,625,9.7
2026-06-09,comp_003,DealHunterPro,dealhunterpro.com,108318,44.9,7282,508,15.5
2026-06-10,comp_001,RivalReviews,rivalreviews.com,53558,57.3,19353,364,16.2
2026-06-10,comp_002,TopPickDaily,toppickdaily.com,81707,57.7,22357,487,14.4
2026-06-10,comp_003,DealHunterPro,dealhunterpro.com,54756,61.9,22887,286,15.8
2026-06-11,comp_001,RivalReviews,rivalreviews.com,120594,50.7,22874,445,11.6
2026-06-11,comp_002,TopPickDaily,toppickdaily.com,159723,64.8,8239,662,19.8
2026-06-11,comp_003,DealHunterPro,dealhunterpro.com,83230,62.6,10253,575,18.4
2026-06-12,comp_001,RivalReviews,rivalreviews.com,64096,42.7,8349,496,16.4
2026-06-12,comp_002,TopPickDaily,toppickdaily.com,178669,50.1,12778,477,10.3
2026-06-12,comp_003,DealHunterPro,dealhunterpro.com,54466,53.4,31207,557,18.2
2026-06-13,comp_001,RivalReviews,rivalreviews.com,120453,59.1,23089,529,20.4
2026-06-13,comp_002,TopPickDaily,toppickdaily.com,126864,44.9,7254,671,8.3
2026-06-13,comp_003,DealHunterPro,dealhunterpro.com,89032,60.9,27130,526,7.7
2026-06-14,comp_001,RivalReviews,rivalreviews.com,67321,57.0,6665,343,10.4
2026-06-14,comp_002,TopPickDaily,toppickdaily.com,118890,45.9,12271,491,16.7
2026-06-14,comp_003,DealHunterPro,dealhunterpro.com,61018,62.4,30098,622,7.9
2026-06-15,comp_001,RivalReviews,rivalreviews.com,144797,63.0,19609,440,7.1
2026-06-15,comp_002,TopPickDaily,toppickdaily.com,126374,44.8,22068,270,7.5
2026-06-15,comp_003,DealHunterPro,dealhunterpro.com,121939,38.7,19366,385,9.2
2026-06-16,comp_001,RivalReviews,rivalreviews.com,172150,44.7,5008,406,18.6
2026-06-16,comp_002,TopPickDaily,toppickdaily.com,64154,66.1,9165,621,9.4
2026-06-16,comp_003,DealHunterPro,dealhunterpro.com,131376,59.5,23958,765,14.1
2026-06-17,comp_001,RivalReviews,rivalreviews.com,188450,46.1,29278,443,10.4
2026-06-17,comp_002,TopPickDaily,toppickdaily.com,204620,58.7,20824,744,12.7
2026-06-17,comp_003,DealHunterPro,dealhunterpro.com,47594,51.3,8225,255,9.9
2026-06-18,comp_001,RivalReviews,rivalreviews.com,60657,64.7,30745,653,9.1
2026-06-18,comp_002,TopPickDaily,toppickdaily.com,159409,46.5,30300,693,12.8
2026-06-18,comp_003,DealHunterPro,dealhunterpro.com,109046,65.2,25822,657,9.1
2026-06-19,comp_001,RivalReviews,rivalreviews.com,205870,55.9,13736,272,6.6
2026-06-19,comp_002,TopPickDaily,toppickdaily.com,200547,47.0,6731,675,13.9
2026-06-19,comp_003,DealHunterPro,dealhunterpro.com,180893,68.8,15577,504,15.9
2026-06-20,comp_001,RivalReviews,rivalreviews.com,126733,69.7,27091,616,11.0
2026-06-20,comp_002,TopPickDaily,toppickdaily.com,190973,63.8,23385,636,16.6
2026-06-20,comp_003,DealHunterPro,dealhunterpro.com,152619,65.0,24275,690,12.3
2026-06-21,comp_001,RivalReviews,rivalreviews.com,144187,70.4,22340,745,13.1
2026-06-21,comp_002,TopPickDaily,toppickdaily.com,57899,61.6,16861,729,10.7
2026-06-21,comp_003,DealHunterPro,dealhunterpro.com,103429,42.3,27177,341,12.8
2026-06-22,comp_001,RivalReviews,rivalreviews.com,71285,51.6,12996,345,16.9
2026-06-22,comp_002,TopPickDaily,toppickdaily.com,83757,49.8,28717,593,17.6
2026-06-22,comp_003,DealHunterPro,dealhunterpro.com,108359,53.1,15607,375,12.9
2026-06-23,comp_001,RivalReviews,rivalreviews.com,99549,38.8,26320,301,10.0
2026-06-23,comp_002,TopPickDaily,toppickdaily.com,113935,39.2,16434,268,6.3
2026-06-23,comp_003,DealHunterPro,dealhunterpro.com,73159,59.5,10625,436,9.5
2026-06-24,comp_001,RivalReviews,rivalreviews.com,76219,63.4,7606,456,17.3
2026-06-24,comp_002,TopPickDaily,toppickdaily.com,96090,49.4,13035,673,7.4
2026-06-24,comp_003,DealHunterPro,dealhunterpro.com,52559,48.6,22132,694,6.9
2026-06-25,comp_001,RivalReviews,rivalreviews.com,114556,56.3,10943,425,12.5
2026-06-25,comp_002,TopPickDaily,toppickdaily.com,166571,52.7,25555,772,13.3
2026-06-25,comp_003,DealHunterPro,dealhunterpro.com,191407,56.0,8399,287,5.8
2026-06-26,comp_001,RivalReviews,rivalreviews.com,116388,58.7,10160,565,9.4
2026-06-26,comp_002,TopPickDaily,toppickdaily.com,175919,58.1,13402,538,18.0
2026-06-26,comp_003,DealHunterPro,dealhunterpro.com,69197,52.5,10669,626,17.1
2026-06-27,comp_001,RivalReviews,rivalreviews.com,95713,71.0,10944,685,18.8
2026-06-27,comp_002,TopPickDaily,toppickdaily.com,130392,47.3,31013,577,15.1
2026-06-27,comp_003,DealHunterPro,dealhunterpro.com,66064,38.9,28149,716,10.8
2026-06-28,comp_001,RivalReviews,rivalreviews.com,65122,42.5,15536,392,14.8
2026-06-28,comp_002,TopPickDaily,toppickdaily.com,95032,51.5,16793,554,9.1
2026-06-28,comp_003,DealHunterPro,dealhunterpro.com,87833,48.2,14738,373,5.4
2026-06-29,comp_001,RivalReviews,rivalreviews.com,52510,56.6,9353,438,16.9
2026-06-29,comp_002,TopPickDaily,toppickdaily.com,71519,63.0,12964,352,5.9
2026-06-29,comp_003,DealHunterPro,dealhunterpro.com,119851,59.5,11988,582,9.4
2026-06-30,comp_001,RivalReviews,rivalreviews.com,136540,54.0,22441,344,11.4
2026-06-30,comp_002,TopPickDaily,toppickdaily.com,74960,67.1,8629,594,20.1
2026-06-30,comp_003,DealHunterPro,dealhunterpro.com,80990,63.0,29006,252,13.6
2026-07-01,comp_001,RivalReviews,rivalreviews.com,153812,67.5,9734,612,5.5
2026-07-01,comp_002,TopPickDaily,toppickdaily.com,124399,44.6,25266,668,17.5
2026-07-01,comp_003,DealHunterPro,dealhunterpro.com,201744,58.5,25112,817,6.6
2026-07-02,comp_001,RivalReviews,rivalreviews.com,186626,54.2,5457,550,15.2
2026-07-02,comp_002,TopPickDaily,toppickdaily.com,52600,52.8,23014,570,14.9
2026-07-02,comp_003,DealHunterPro,dealhunterpro.com,149573,64.8,28688,293,15.9
