date,keyword,position,impressions,clicks,ctr,search_volume,cpc
2026-03-01,best laptops 2026,3,638,67,0.1064,18000,2.5
2026-03-01,vpn comparison,14,751,16,0.022,22000,3.1
2026-03-01,budget meal prep,7,301,12,0.0408,9500,0.8
2026-03-01,remote work accessories,20,216,3,0.0163,6000,1.9
2026-03-01,fitness tracker reviews,2,475,72,0.1527,14000,2.0
2026-03-01,seo tools 2026,24,260,3,0.0122,8000,4.2
2026-03-01,standing desk review,7,337,13,0.0395,11000,2.8
2026-03-01,home office setup,17,251,4,0.0177,7500,1.5
2026-03-02,best laptops 2026,3,622,64,0.1037,18000,2.5
2026-03-02,vpn comparison,11,748,20,0.0278,22000,3.1
2026-03-02,budget meal prep,9,315,10,0.0332,9500,0.8
2026-03-02,remote work accessories,20,203,3,0.0153,6000,1.9
2026-03-02,fitness tracker reviews,1,466,139,0.3002,14000,2.0
2026-03-02,seo tools 2026,24,244,2,0.0115,8000,4.2
2026-03-02,standing desk review,10,396,12,0.0324,11000,2.8
2026-03-02,home office setup,16,266,5,0.02,7500,1.5
2026-03-03,best laptops 2026,4,602,45,0.0753,18000,2.5
2026-03-03,vpn comparison,14,788,18,0.023,22000,3.1
2026-03-03,budget meal prep,8,312,11,0.037,9500,0.8
2026-03-03,remote work accessories,19,211,3,0.0167,6000,1.9
2026-03-03,fitness tracker reviews,5,452,26,0.0582,14000,2.0
2026-03-03,seo tools 2026,24,245,2,0.0115,8000,4.2
2026-03-03,standing desk review,7,348,14,0.0408,11000,2.8
2026-03-03,home office setup,13,270,6,0.025,7500,1.5
2026-03-04,best laptops 2026,6,573,27,0.0478,18000,2.5
2026-03-04,vpn comparison,11,719,19,0.0268,22000,3.1
2026-03-04,budget meal prep,5,285,15,0.0541,9500,0.8
2026-03-04,remote work accessories,16,203,3,0.019,6000,1.9
2026-03-04,fitness tracker reviews,4,468,35,0.0753,14000,2.0
2026-03-04,seo tools 2026,25,274,3,0.0124,8000,4.2
2026-03-04,standing desk review,6,359,17,0.0491,11000,2.8
2026-03-04,home office setup,17,232,3,0.0164,7500,1.5
2026-03-05,best laptops 2026,6,570,27,0.0475,18000,2.5
2026-03-05,vpn comparison,12,722,17,0.0246,22000,3.1
2026-03-05,budget meal prep,8,323,12,0.0383,9500,0.8
2026-03-05,remote work accessories,19,210,3,0.0166,6000,1.9
2026-03-05,fitness tracker reviews,5,471,28,0.0606,14000,2.0
2026-03-05,seo tools 2026,25,265,3,0.012,8000,4.2
2026-03-05,standing desk review,9,371,12,0.0337,11000,2.8
2026-03-05,home office setup,15,237,4,0.019,7500,1.5
2026-03-06,best laptops 2026,5,609,37,0.0609,18000,2.5
2026-03-06,vpn comparison,10,767,24,0.0314,22000,3.1
2026-03-06,budget meal prep,8,332,13,0.0394,9500,0.8
2026-03-06,remote work accessories,17,211,3,0.0186,6000,1.9
2026-03-06,fitness tracker reviews,5,429,23,0.0552,14000,2.0
2026-03-06,seo tools 2026,25,261,3,0.0118,8000,4.2
2026-03-06,standing desk review,10,388,12,0.0318,11000,2.8
2026-03-06,home office setup,13,259,6,0.024,7500,1.5
2026-03-07,best laptops 2026,2,559,78,0.1398,18000,2.5
2026-03-07,vpn comparison,11,777,22,0.0289,22000,3.1
2026-03-07,budget meal prep,9,314,10,0.0331,9500,0.8
2026-03-07,remote work accessories,16,197,3,0.0185,6000,1.9
2026-03-07,fitness tracker reviews,3,444,42,0.0953,14000,2.0
2026-03-07,seo tools 2026,23,244,2,0.0119,8000,4.2
2026-03-07,standing desk review,9,383,13,0.0348,11000,2.8
2026-03-07,home office setup,17,255,4,0.018,7500,1.5
2026-03-08,best laptops 2026,6,574,27,0.0479,18000,2.5
2026-03-08,vpn comparison,11,668,16,0.0249,22000,3.1
2026-03-08,budget meal prep,8,325,12,0.0386,9500,0.8
2026-03-08,remote work accessories,20,180,2,0.0135,6000,1.9
2026-03-08,fitness tracker reviews,1,446,128,0.2872,14000,2.0
2026-03-08,seo tools 2026,27,281,3,0.0117,8000,4.2
2026-03-08,standing desk review,7,367,15,0.043,11000,2.8
2026-03-08,home office setup,13,255,6,0.0236,7500,1.5
2026-03-09,best laptops 2026,2,583,84,0.1458,18000,2.5
2026-03-09,vpn comparison,10,803,26,0.0329,22000,3.1
2026-03-09,budget meal prep,8,348,14,0.0412,9500,0.8
2026-03-09,remote work accessories,19,194,2,0.0153,6000,1.9
2026-03-09,fitness tracker reviews,2,457,67,0.1472,14000,2.0
2026-03-09,seo tools 2026,23,267,3,0.0131,8000,4.2
2026-03-09,standing desk review,10,397,12,0.0325,11000,2.8
2026-03-09,home office setup,17,239,4,0.0169,7500,1.5
2026-03-10,best laptops 2026,4,649,52,0.0812,18000,2.5
2026-03-10,vpn comparison,12,710,17,0.0242,22000,3.1
2026-03-10,budget meal prep,6,299,14,0.0473,9500,0.8
2026-03-10,remote work accessories,19,198,3,0.0156,6000,1.9
2026-03-10,fitness tracker reviews,3,473,48,0.1015,14000,2.0
2026-03-10,seo tools 2026,27,249,2,0.0104,8000,4.2
2026-03-10,standing desk review,6,337,15,0.0461,11000,2.8
2026-03-10,home office setup,15,250,5,0.02,7500,1.5
2026-03-11,best laptops 2026,6,653,35,0.0545,18000,2.5
2026-03-11,vpn comparison,14,800,18,0.0234,22000,3.1
2026-03-11,budget meal prep,9,336,11,0.0354,9500,0.8
2026-03-11,remote work accessories,19,190,2,0.015,6000,1.9
2026-03-11,fitness tracker reviews,5,510,33,0.0656,14000,2.0
2026-03-11,seo tools 2026,24,265,3,0.0125,8000,4.2
2026-03-11,standing desk review,9,385,13,0.035,11000,2.8
2026-03-11,home office setup,17,259,4,0.0183,7500,1.5
2026-03-12,best laptops 2026,5,643,41,0.0643,18000,2.5
2026-03-12,vpn comparison,10,677,18,0.0277,22000,3.1
2026-03-12,budget meal prep,6,309,15,0.0488,9500,0.8
2026-03-12,remote work accessories,17,207,3,0.0183,6000,1.9
2026-03-12,fitness tracker reviews,4,494,39,0.0795,14000,2.0
2026-03-12,seo tools 2026,27,290,3,0.0121,8000,4.2
2026-03-12,standing desk review,8,369,13,0.0378,11000,2.8
2026-03-12,home office setup,13,237,5,0.0219,7500,1.5
2026-03-13,best laptops 2026,4,587,43,0.0735,18000,2.5
2026-03-13,vpn comparison,11,671,16,0.025,22000,3.1
2026-03-13,budget meal prep,7,315,13,0.0427,9500,0.8
2026-03-13,remote work accessories,20,188,2,0.0142,6000,1.9
2026-03-13,fitness tracker reviews,2,445,63,0.1431,14000,2.0
2026-03-13,seo tools 2026,24,266,3,0.0125,8000,4.2
2026-03-13,standing desk review,7,347,14,0.0406,11000,2.8
2026-03-13,home office setup,14,268,6,0.023,7500,1.5
2026-03-14,best laptops 2026,3,567,53,0.0946,18000,2.5
2026-03-14,vpn comparison,12,782,20,0.0267,22000,3.1
2026-03-14,budget meal prep,5,294,16,0.0559,9500,0.8
2026-03-14,remote work accessories,16,184,3,0.0173,6000,1.9
2026-03-14,fitness tracker reviews,4,483,37,0.0776,14000,2.0
2026-03-14,seo tools 2026,27,272,3,0.0114,8000,4.2
2026-03-14,standing desk review,9,400,14,0.0364,11000,2.8
2026-03-14,home office setup,15,243,4,0.0195,7500,1.5
2026-03-15,best laptops 2026,6,599,29,0.0499,18000,2.5
2026-03-15,vpn comparison,13,787,19,0.0248,22000,3.1
2026-03-15,budget meal prep,9,296,9,0.0312,9500,0.8
2026-03-15,remote work accessories,17,191,3,0.0169,6000,1.9
2026-03-15,fitness tracker reviews,2,490,77,0.1575,14000,2.0
2026-03-15,seo tools 2026,26,242,2,0.0105,8000,4.2
2026-03-15,standing desk review,10,365,10,0.0299,11000,2.8
2026-03-15,home office setup,15,226,4,0.0181,7500,1.5
2026-03-16,best laptops 2026,3,587,57,0.0979,18000,2.5
2026-03-16,vpn comparison,10,727,21,0.0297,22000,3.1
2026-03-16,budget meal prep,8,329,12,0.039,9500,0.8
2026-03-16,remote work accessories,16,192,3,0.0181,6000,1.9
2026-03-16,fitness tracker reviews,2,421,56,0.1354,14000,2.0
2026-03-16,seo tools 2026,23,260,3,0.0127,8000,4.2
2026-03-16,standing desk review,10,353,10,0.029,11000,2.8
2026-03-16,home office setup,14,268,6,0.023,7500,1.5
2026-03-17,best laptops 2026,3,605,61,0.101,18000,2.5
2026-03-17,vpn comparison,14,699,14,0.0204,22000,3.1
2026-03-17,budget meal prep,6,306,14,0.0484,9500,0.8
2026-03-17,remote work accessories,17,199,3,0.0176,6000,1.9
2026-03-17,fitness tracker reviews,3,459,45,0.0984,14000,2.0
2026-03-17,seo tools 2026,26,259,2,0.0112,8000,4.2
2026-03-17,standing desk review,7,350,14,0.041,11000,2.8
2026-03-17,home office setup,17,253,4,0.0179,7500,1.5
2026-03-18,best laptops 2026,2,622,96,0.1556,18000,2.5
2026-03-18,vpn comparison,11,765,21,0.0285,22000,3.1
2026-03-18,budget meal prep,8,320,12,0.0379,9500,0.8
2026-03-18,remote work accessories,17,187,3,0.0166,6000,1.9
2026-03-18,fitness tracker reviews,1,464,138,0.2984,14000,2.0
2026-03-18,seo tools 2026,26,249,2,0.0108,8000,4.2
2026-03-18,standing desk review,10,339,9,0.0278,11000,2.8
2026-03-18,home office setup,15,251,5,0.0201,7500,1.5
2026-03-19,best laptops 2026,4,634,50,0.0793,18000,2.5
2026-03-19,vpn comparison,14,696,14,0.0204,22000,3.1
2026-03-19,budget meal prep,5,288,15,0.0546,9500,0.8
2026-03-19,remote work accessories,16,207,4,0.0195,6000,1.9
2026-03-19,fitness tracker reviews,3,440,41,0.0943,14000,2.0
2026-03-19,seo tools 2026,23,265,3,0.013,8000,4.2
2026-03-19,standing desk review,8,362,13,0.0371,11000,2.8
2026-03-19,home office setup,15,237,4,0.019,7500,1.5
2026-03-20,best laptops 2026,4,607,46,0.0759,18000,2.5
2026-03-20,vpn comparison,13,710,15,0.0224,22000,3.1
2026-03-20,budget meal prep,9,292,8,0.0308,9500,0.8
2026-03-20,remote work accessories,20,187,2,0.0141,6000,1.9
2026-03-20,fitness tracker reviews,5,480,29,0.0618,14000,2.0
2026-03-20,seo tools 2026,25,249,2,0.0112,8000,4.2
2026-03-20,standing desk review,10,356,10,0.0291,11000,2.8
2026-03-20,home office setup,16,249,4,0.0187,7500,1.5
2026-03-21,best laptops 2026,5,646,41,0.0647,18000,2.5
2026-03-21,vpn comparison,13,750,17,0.0236,22000,3.1
2026-03-21,budget meal prep,6,325,16,0.0513,9500,0.8
2026-03-21,remote work accessories,18,214,3,0.0179,6000,1.9
2026-03-21,fitness tracker reviews,5,459,27,0.0591,14000,2.0
2026-03-21,seo tools 2026,23,270,3,0.0132,8000,4.2
2026-03-21,standing desk review,8,335,11,0.0343,11000,2.8
2026-03-21,home office setup,15,236,4,0.0189,7500,1.5
2026-03-22,best laptops 2026,4,618,47,0.0773,18000,2.5
2026-03-22,vpn comparison,13,748,17,0.0236,22000,3.1
2026-03-22,budget meal prep,8,302,10,0.0358,9500,0.8
2026-03-22,remote work accessories,18,211,3,0.0176,6000,1.9
2026-03-22,fitness tracker reviews,5,489,30,0.063,14000,2.0
2026-03-22,seo tools 2026,26,291,3,0.0126,8000,4.2
2026-03-22,standing desk review,6,342,15,0.0467,11000,2.8
2026-03-22,home office setup,14,231,4,0.0198,7500,1.5
2026-03-23,best laptops 2026,2,619,95,0.1549,18000,2.5
2026-03-23,vpn comparison,13,690,15,0.0217,22000,3.1
2026-03-23,budget meal prep,5,291,16,0.0552,9500,0.8
2026-03-23,remote work accessories,19,217,3,0.0172,6000,1.9
2026-03-23,fitness tracker reviews,1,471,142,0.3029,14000,2.0
2026-03-23,seo tools 2026,27,281,3,0.0117,8000,4.2
2026-03-23,standing desk review,6,386,20,0.0526,11000,2.8
2026-03-23,home office setup,17,230,3,0.0162,7500,1.5
2026-03-24,best laptops 2026,5,558,31,0.0559,18000,2.5
2026-03-24,vpn comparison,11,705,18,0.0262,22000,3.1
2026-03-24,budget meal prep,8,331,13,0.0393,9500,0.8
2026-03-24,remote work accessories,17,205,3,0.0181,6000,1.9
2026-03-24,fitness tracker reviews,2,469,70,0.1508,14000,2.0
2026-03-24,seo tools 2026,25,241,2,0.0109,8000,4.2
2026-03-24,standing desk review,8,393,15,0.0402,11000,2.8
2026-03-24,home office setup,16,268,5,0.0201,7500,1.5
2026-03-25,best laptops 2026,6,656,35,0.0547,18000,2.5
2026-03-25,vpn comparison,14,797,18,0.0233,22000,3.1
2026-03-25,budget meal prep,9,313,10,0.033,9500,0.8
2026-03-25,remote work accessories,20,187,2,0.014,6000,1.9
2026-03-25,fitness tracker reviews,5,462,27,0.0595,14000,2.0
2026-03-25,seo tools 2026,27,263,2,0.011,8000,4.2
2026-03-25,standing desk review,8,352,12,0.0361,11000,2.8
2026-03-25,home office setup,14,249,5,0.0213,7500,1.5
2026-03-26,best laptops 2026,5,636,40,0.0637,18000,2.5
2026-03-26,vpn comparison,13,705,15,0.0222,22000,3.1
2026-03-26,budget meal prep,7,301,12,0.0408,9500,0.8
2026-03-26,remote work accessories,20,180,2,0.0135,6000,1.9
2026-03-26,fitness tracker reviews,2,496,79,0.1595,14000,2.0
2026-03-26,seo tools 2026,26,258,2,0.0112,8000,4.2
2026-03-26,standing desk review,9,369,12,0.0336,11000,2.8
2026-03-26,home office setup,16,272,5,0.0204,7500,1.5
2026-03-27,best laptops 2026,5,575,33,0.0576,18000,2.5
2026-03-27,vpn comparison,14,777,17,0.0227,22000,3.1
2026-03-27,budget meal prep,5,299,16,0.0568,9500,0.8
2026-03-27,remote work accessories,17,201,3,0.0178,6000,1.9
2026-03-27,fitness tracker reviews,5,458,26,0.0589,14000,2.0
2026-03-27,seo tools 2026,24,263,3,0.0123,8000,4.2
2026-03-27,standing desk review,9,341,10,0.0311,11000,2.8
2026-03-27,home office setup,14,266,6,0.0228,7500,1.5
2026-03-28,best laptops 2026,5,571,32,0.0572,18000,2.5
2026-03-28,vpn comparison,14,751,16,0.022,22000,3.1
2026-03-28,budget meal prep,9,333,11,0.0351,9500,0.8
2026-03-28,remote work accessories,18,212,3,0.0177,6000,1.9
2026-03-28,fitness tracker reviews,5,446,25,0.0574,14000,2.0
2026-03-28,seo tools 2026,26,283,3,0.0123,8000,4.2
2026-03-28,standing desk review,6,343,16,0.0469,11000,2.8
2026-03-28,home office setup,15,234,4,0.0187,7500,1.5
2026-03-29,best laptops 2026,5,553,30,0.0553,18000,2.5
2026-03-29,vpn comparison,12,750,19,0.0256,22000,3.1
2026-03-29,budget meal prep,8,329,12,0.039,9500,0.8
2026-03-29,remote work accessories,16,187,3,0.0176,6000,1.9
2026-03-29,fitness tracker reviews,5,434,24,0.0558,14000,2.0
2026-03-29,seo tools 2026,23,241,2,0.0118,8000,4.2
2026-03-29,standing desk review,7,350,14,0.041,11000,2.8
2026-03-29,home office setup,13,260,6,0.0241,7500,1.5
2026-03-30,best laptops 2026,3,567,53,0.0947,18000,2.5
2026-03-30,vpn comparison,11,662,16,0.0246,22000,3.1
2026-03-30,budget meal prep,7,306,12,0.0415,9500,0.8
2026-03-30,remote work accessories,19,211,3,0.0167,6000,1.9
2026-03-30,fitness tracker reviews,4,513,42,0.0825,14000,2.0
2026-03-30,seo tools 2026,23,277,3,0.0136,8000,4.2
2026-03-30,standing desk review,7,354,14,0.0414,11000,2.8
2026-03-30,home office setup,16,227,3,0.0171,7500,1.5
2026-03-31,best laptops 2026,5,548,30,0.0549,18000,2.5
2026-03-31,vpn comparison,12,686,16,0.0234,22000,3.1
2026-03-31,budget meal prep,5,336,21,0.0638,9500,0.8
2026-03-31,remote work accessories,17,184,3,0.0163,6000,1.9
2026-03-31,fitness tracker reviews,4,455,33,0.0733,14000,2.0
2026-03-31,seo tools 2026,23,253,3,0.0124,8000,4.2
2026-03-31,standing desk review,6,344,16,0.047,11000,2.8
2026-03-31,home office setup,14,251,5,0.0215,7500,1.5
2026-04-01,best laptops 2026,4,596,44,0.0746,18000,2.5
2026-04-01,vpn comparison,11,797,23,0.0297,22000,3.1
2026-04-01,budget meal prep,5,324,19,0.0615,9500,0.8
2026-04-01,remote work accessories,20,209,3,0.0157,6000,1.9
2026-04-01,fitness tracker reviews,3,468,46,0.1004,14000,2.0
2026-04-01,seo tools 2026,25,265,3,0.012,8000,4.2
2026-04-01,standing desk review,6,344,16,0.047,11000,2.8
2026-04-01,home office setup,14,268,6,0.023,7500,1.5
2026-04-02,best laptops 2026,3,656,71,0.1095,18000,2.5
2026-04-02,vpn comparison,12,752,19,0.0257,22000,3.1
2026-04-02,budget meal prep,7,285,11,0.0387,9500,0.8
2026-04-02,remote work accessories,19,203,3,0.0161,6000,1.9
2026-04-02,fitness tracker reviews,1,493,156,0.3173,14000,2.0
2026-04-02,seo tools 2026,27,291,3,0.0122,8000,4.2
2026-04-02,standing desk review,9,387,13,0.0352,11000,2.8
2026-04-02,home office setup,14,259,5,0.0222,7500,1.5
2026-04-03,best laptops 2026,2,584,85,0.1461,18000,2.5
2026-04-03,vpn comparison,13,696,15,0.0219,22000,3.1
2026-04-03,budget meal prep,9,290,8,0.0306,9500,0.8
2026-04-03,remote work accessories,16,193,3,0.0181,6000,1.9
2026-04-03,fitness tracker reviews,2,425,58,0.1368,14000,2.0
2026-04-03,seo tools 2026,23,277,3,0.0136,8000,4.2
2026-04-03,standing desk review,7,339,13,0.0396,11000,2.8
2026-04-03,home office setup,17,240,4,0.017,7500,1.5
2026-04-04,best laptops 2026,4,634,50,0.0793,18000,2.5
2026-04-04,vpn comparison,13,778,19,0.0245,22000,3.1
2026-04-04,budget meal prep,5,331,20,0.0628,9500,0.8
2026-04-04,remote work accessories,18,207,3,0.0173,6000,1.9
2026-04-04,fitness tracker reviews,3,487,50,0.1045,14000,2.0
2026-04-04,seo tools 2026,26,287,3,0.0125,8000,4.2
2026-04-04,standing desk review,10,381,11,0.0312,11000,2.8
2026-04-04,home office setup,16,239,4,0.018,7500,1.5
2026-04-05,best laptops 2026,3,562,52,0.0938,18000,2.5
2026-04-05,vpn comparison,12,739,18,0.0252,22000,3.1
2026-04-05,budget meal prep,7,331,14,0.0448,9500,0.8
2026-04-05,remote work accessories,20,214,3,0.0161,6000,1.9
2026-04-05,fitness tracker reviews,5,505,32,0.065,14000,2.0
2026-04-05,seo tools 2026,27,248,2,0.0104,8000,4.2
2026-04-05,standing desk review,8,341,11,0.0349,11000,2.8
2026-04-05,home office setup,17,265,4,0.0188,7500,1.5
2026-04-06,best laptops 2026,2,584,85,0.146,18000,2.5
2026-04-06,vpn comparison,14,773,17,0.0226,22000,3.1
2026-04-06,budget meal prep,6,309,15,0.0488,9500,0.8
2026-04-06,remote work accessories,20,215,3,0.0161,6000,1.9
2026-04-06,fitness tracker reviews,5,499,32,0.0643,14000,2.0
2026-04-06,seo tools 2026,23,252,3,0.0124,8000,4.2
2026-04-06,standing desk review,10,378,11,0.0309,11000,2.8
2026-04-06,home office setup,14,265,6,0.0228,7500,1.5
2026-04-07,best laptops 2026,5,602,36,0.0603,18000,2.5
2026-04-07,vpn comparison,11,772,22,0.0287,22000,3.1
2026-04-07,budget meal prep,7,323,14,0.0438,9500,0.8
2026-04-07,remote work accessories,18,196,3,0.0164,6000,1.9
2026-04-07,fitness tracker reviews,5,430,23,0.0553,14000,2.0
2026-04-07,seo tools 2026,23,275,3,0.0135,8000,4.2
2026-04-07,standing desk review,7,391,17,0.0457,11000,2.8
2026-04-07,home office setup,13,233,5,0.0216,7500,1.5
2026-04-08,best laptops 2026,5,564,31,0.0564,18000,2.5
2026-04-08,vpn comparison,10,688,19,0.0281,22000,3.1
2026-04-08,budget meal prep,8,321,12,0.038,9500,0.8
2026-04-08,remote work accessories,20,206,3,0.0155,6000,1.9
2026-04-08,fitness tracker reviews,5,478,29,0.0615,14000,2.0
2026-04-08,seo tools 2026,25,253,2,0.0114,8000,4.2
2026-04-08,standing desk review,6,346,16,0.0472,11000,2.8
2026-04-08,home office setup,14,225,4,0.0193,7500,1.5
2026-04-09,best laptops 2026,2,618,95,0.1547,18000,2.5
2026-04-09,vpn comparison,10,728,21,0.0298,22000,3.1
2026-04-09,budget meal prep,8,307,11,0.0365,9500,0.8
2026-04-09,remote work accessories,16,212,4,0.02,6000,1.9
2026-04-09,fitness tracker reviews,3,496,52,0.1065,14000,2.0
2026-04-09,seo tools 2026,23,268,3,0.0131,8000,4.2
2026-04-09,standing desk review,6,391,20,0.0533,11000,2.8
2026-04-09,home office setup,17,272,5,0.0192,7500,1.5
2026-04-10,best laptops 2026,3,551,50,0.0919,18000,2.5
2026-04-10,vpn comparison,11,737,20,0.0274,22000,3.1
2026-04-10,budget meal prep,6,297,13,0.0469,9500,0.8
2026-04-10,remote work accessories,17,202,3,0.0179,6000,1.9
2026-04-10,fitness tracker reviews,5,472,28,0.0607,14000,2.0
2026-04-10,seo tools 2026,23,262,3,0.0128,8000,4.2
2026-04-10,standing desk review,10,386,12,0.0316,11000,2.8
2026-04-10,home office setup,16,242,4,0.0182,7500,1.5
2026-04-11,best laptops 2026,5,624,38,0.0624,18000,2.5
2026-04-11,vpn comparison,11,789,23,0.0294,22000,3.1
2026-04-11,budget meal prep,9,335,11,0.0353,9500,0.8
2026-04-11,remote work accessories,18,196,3,0.0163,6000,1.9
2026-04-11,fitness tracker reviews,5,481,29,0.0619,14000,2.0
2026-04-11,seo tools 2026,26,293,3,0.0127,8000,4.2
2026-04-11,standing desk review,8,398,16,0.0408,11000,2.8
2026-04-11,home office setup,15,252,5,0.0202,7500,1.5
2026-04-12,best laptops 2026,5,641,41,0.0641,18000,2.5
2026-04-12,vpn comparison,13,772,18,0.0243,22000,3.1
2026-04-12,budget meal prep,7,337,15,0.0457,9500,0.8
2026-04-12,remote work accessories,20,204,3,0.0153,6000,1.9
2026-04-12,fitness tracker reviews,4,470,35,0.0757,14000,2.0
2026-04-12,seo tools 2026,25,280,3,0.0126,8000,4.2
2026-04-12,standing desk review,9,356,11,0.0324,11000,2.8
2026-04-12,home office setup,16,247,4,0.0186,7500,1.5
2026-04-13,best laptops 2026,2,540,72,0.135,18000,2.5
2026-04-13,vpn comparison,14,804,18,0.0235,22000,3.1
2026-04-13,budget meal prep,6,286,12,0.0452,9500,0.8
2026-04-13,remote work accessories,18,219,4,0.0183,6000,1.9
2026-04-13,fitness tracker reviews,2,420,56,0.1352,14000,2.0
2026-04-13,seo tools 2026,25,251,2,0.0113,8000,4.2
2026-04-13,standing desk review,8,331,11,0.0339,11000,2.8
2026-04-13,home office setup,17,270,5,0.0191,7500,1.5
2026-04-14,best laptops 2026,6,606,30,0.0506,18000,2.5
2026-04-14,vpn comparison,10,682,19,0.0279,22000,3.1
2026-04-14,budget meal prep,6,314,15,0.0496,9500,0.8
2026-04-14,remote work accessories,18,185,2,0.0155,6000,1.9
2026-04-14,fitness tracker reviews,2,503,81,0.1617,14000,2.0
2026-04-14,seo tools 2026,25,252,2,0.0114,8000,4.2
2026-04-14,standing desk review,9,336,10,0.0306,11000,2.8
2026-04-14,home office setup,14,253,5,0.0217,7500,1.5
2026-04-15,best laptops 2026,4,628,49,0.0785,18000,2.5
2026-04-15,vpn comparison,11,776,22,0.0289,22000,3.1
2026-04-15,budget meal prep,9,315,10,0.0333,9500,0.8
2026-04-15,remote work accessories,16,212,4,0.0199,6000,1.9
2026-04-15,fitness tracker reviews,3,475,48,0.1019,14000,2.0
2026-04-15,seo tools 2026,27,241,2,0.0101,8000,4.2
2026-04-15,standing desk review,6,357,17,0.0488,11000,2.8
2026-04-15,home office setup,15,271,5,0.0217,7500,1.5
2026-04-16,best laptops 2026,5,581,33,0.0582,18000,2.5
2026-04-16,vpn comparison,10,721,21,0.0295,22000,3.1
2026-04-16,budget meal prep,6,340,18,0.0537,9500,0.8
2026-04-16,remote work accessories,20,209,3,0.0157,6000,1.9
2026-04-16,fitness tracker reviews,4,506,41,0.0814,14000,2.0
2026-04-16,seo tools 2026,27,242,2,0.0101,8000,4.2
2026-04-16,standing desk review,10,333,9,0.0272,11000,2.8
2026-04-16,home office setup,15,253,5,0.0203,7500,1.5
2026-04-17,best laptops 2026,3,600,60,0.1,18000,2.5
2026-04-17,vpn comparison,13,682,14,0.0215,22000,3.1
2026-04-17,budget meal prep,9,346,12,0.0365,9500,0.8
2026-04-17,remote work accessories,16,203,3,0.019,6000,1.9
2026-04-17,fitness tracker reviews,3,440,41,0.0944,14000,2.0
2026-04-17,seo tools 2026,24,281,3,0.0132,8000,4.2
2026-04-17,standing desk review,6,339,15,0.0463,11000,2.8
2026-04-17,home office setup,13,248,5,0.023,7500,1.5
2026-04-18,best laptops 2026,4,605,45,0.0757,18000,2.5
2026-04-18,vpn comparison,14,672,13,0.0197,22000,3.1
2026-04-18,budget meal prep,6,312,15,0.0493,9500,0.8
2026-04-18,remote work accessories,19,210,3,0.0166,6000,1.9
2026-04-18,fitness tracker reviews,4,472,35,0.0759,14000,2.0
2026-04-18,seo tools 2026,27,261,2,0.0109,8000,4.2
2026-04-18,standing desk review,10,344,9,0.0282,11000,2.8
2026-04-18,home office setup,17,274,5,0.0194,7500,1.5
2026-04-19,best laptops 2026,2,569,81,0.1424,18000,2.5
2026-04-19,vpn comparison,13,699,15,0.022,22000,3.1
2026-04-19,budget meal prep,9,305,9,0.0322,9500,0.8
2026-04-19,remote work accessories,19,183,2,0.0145,6000,1.9
2026-04-19,fitness tracker reviews,3,459,45,0.0985,14000,2.0
2026-04-19,seo tools 2026,25,250,2,0.0113,8000,4.2
2026-04-19,standing desk review,6,373,19,0.0509,11000,2.8
2026-04-19,home office setup,14,263,5,0.0226,7500,1.5
2026-04-20,best laptops 2026,6,658,36,0.0549,18000,2.5
2026-04-20,vpn comparison,13,780,19,0.0246,22000,3.1
2026-04-20,budget meal prep,8,324,12,0.0384,9500,0.8
2026-04-20,remote work accessories,17,181,2,0.016,6000,1.9
2026-04-20,fitness tracker reviews,3,438,41,0.094,14000,2.0
2026-04-20,seo tools 2026,23,248,3,0.0121,8000,4.2
2026-04-20,standing desk review,6,338,15,0.0461,11000,2.8
2026-04-20,home office setup,17,237,3,0.0167,7500,1.5
2026-04-21,best laptops 2026,4,651,52,0.0814,18000,2.5
2026-04-21,vpn comparison,10,662,17,0.0271,22000,3.1
2026-04-21,budget meal prep,8,304,10,0.036,9500,0.8
2026-04-21,remote work accessories,17,180,2,0.016,6000,1.9
2026-04-21,fitness tracker reviews,2,489,76,0.1572,14000,2.0
2026-04-21,seo tools 2026,27,250,2,0.0105,8000,4.2
2026-04-21,standing desk review,10,385,12,0.0315,11000,2.8
2026-04-21,home office setup,14,249,5,0.0214,7500,1.5
2026-04-22,best laptops 2026,2,623,97,0.1559,18000,2.5
2026-04-22,vpn comparison,14,715,14,0.0209,22000,3.1
2026-04-22,budget meal prep,6,287,13,0.0454,9500,0.8
2026-04-22,remote work accessories,17,182,2,0.0161,6000,1.9
2026-04-22,fitness tracker reviews,5,493,31,0.0635,14000,2.0
2026-04-22,seo tools 2026,26,254,2,0.011,8000,4.2
2026-04-22,standing desk review,6,378,19,0.0515,11000,2.8
2026-04-22,home office setup,15,228,4,0.0183,7500,1.5
2026-04-23,best laptops 2026,4,619,47,0.0774,18000,2.5
2026-04-23,vpn comparison,10,786,25,0.0322,22000,3.1
2026-04-23,budget meal prep,8,303,10,0.0359,9500,0.8
2026-04-23,remote work accessories,19,189,2,0.0149,6000,1.9
2026-04-23,fitness tracker reviews,1,467,140,0.3005,14000,2.0
2026-04-23,seo tools 2026,26,288,3,0.0125,8000,4.2
2026-04-23,standing desk review,10,393,12,0.0322,11000,2.8
2026-04-23,home office setup,14,229,4,0.0197,7500,1.5
2026-04-24,best laptops 2026,5,600,36,0.06,18000,2.5
2026-04-24,vpn comparison,10,742,22,0.0304,22000,3.1
2026-04-24,budget meal prep,9,287,8,0.0303,9500,0.8
2026-04-24,remote work accessories,19,192,2,0.0152,6000,1.9
2026-04-24,fitness tracker reviews,2,456,66,0.1468,14000,2.0
2026-04-24,seo tools 2026,25,240,2,0.0108,8000,4.2
2026-04-24,standing desk review,8,356,12,0.0364,11000,2.8
2026-04-24,home office setup,17,236,3,0.0167,7500,1.5
2026-04-25,best laptops 2026,2,573,82,0.1433,18000,2.5
2026-04-25,vpn comparison,13,751,17,0.0237,22000,3.1
2026-04-25,budget meal prep,5,341,22,0.0647,9500,0.8
2026-04-25,remote work accessories,18,217,3,0.0181,6000,1.9
2026-04-25,fitness tracker reviews,3,441,41,0.0945,14000,2.0
2026-04-25,seo tools 2026,24,287,3,0.0135,8000,4.2
2026-04-25,standing desk review,9,336,10,0.0306,11000,2.8
2026-04-25,home office setup,17,251,4,0.0177,7500,1.5
2026-04-26,best laptops 2026,3,644,69,0.1075,18000,2.5
2026-04-26,vpn comparison,14,721,15,0.0211,22000,3.1
2026-04-26,budget meal prep,7,294,11,0.0399,9500,0.8
2026-04-26,remote work accessories,18,216,3,0.018,6000,1.9
2026-04-26,fitness tracker reviews,2,461,68,0.1485,14000,2.0
2026-04-26,seo tools 2026,24,251,2,0.0118,8000,4.2
2026-04-26,standing desk review,7,372,16,0.0436,11000,2.8
2026-04-26,home office setup,15,268,5,0.0215,7500,1.5
2026-04-27,best laptops 2026,6,622,32,0.0519,18000,2.5
2026-04-27,vpn comparison,13,793,19,0.025,22000,3.1
2026-04-27,budget meal prep,6,348,19,0.055,9500,0.8
2026-04-27,remote work accessories,20,206,3,0.0155,6000,1.9
2026-04-27,fitness tracker reviews,3,505,54,0.1083,14000,2.0
2026-04-27,seo tools 2026,27,243,2,0.0102,8000,4.2
2026-04-27,standing desk review,6,399,21,0.0545,11000,2.8
2026-04-27,home office setup,14,234,4,0.0201,7500,1.5
2026-04-28,best laptops 2026,4,627,49,0.0784,18000,2.5
2026-04-28,vpn comparison,13,789,19,0.0248,22000,3.1
2026-04-28,budget meal prep,7,345,16,0.0468,9500,0.8
2026-04-28,remote work accessories,18,197,3,0.0165,6000,1.9
2026-04-28,fitness tracker reviews,2,434,60,0.1396,14000,2.0
2026-04-28,seo tools 2026,24,245,2,0.0115,8000,4.2
2026-04-28,standing desk review,10,331,8,0.0272,11000,2.8
2026-04-28,home office setup,17,255,4,0.0181,7500,1.5
2026-04-29,best laptops 2026,3,608,61,0.1013,18000,2.5
2026-04-29,vpn comparison,11,747,20,0.0278,22000,3.1
2026-04-29,budget meal prep,7,328,14,0.0445,9500,0.8
2026-04-29,remote work accessories,19,183,2,0.0145,6000,1.9
2026-04-29,fitness tracker reviews,5,432,24,0.0556,14000,2.0
2026-04-29,seo tools 2026,25,265,3,0.0119,8000,4.2
2026-04-29,standing desk review,9,343,10,0.0312,11000,2.8
2026-04-29,home office setup,14,249,5,0.0214,7500,1.5
2026-04-30,best laptops 2026,3,559,52,0.0933,18000,2.5
2026-04-30,vpn comparison,10,664,18,0.0272,22000,3.1
2026-04-30,budget meal prep,8,343,13,0.0407,9500,0.8
2026-04-30,remote work accessories,17,188,3,0.0167,6000,1.9
2026-04-30,fitness tracker reviews,1,490,154,0.3155,14000,2.0
2026-04-30,seo tools 2026,26,249,2,0.0108,8000,4.2
2026-04-30,standing desk review,9,393,14,0.0358,11000,2.8
2026-04-30,home office setup,16,259,5,0.0195,7500,1.5
2026-05-01,best laptops 2026,5,646,41,0.0647,18000,2.5
2026-05-01,vpn comparison,10,719,21,0.0294,22000,3.1
2026-05-01,budget meal prep,8,323,12,0.0383,9500,0.8
2026-05-01,remote work accessories,19,208,3,0.0165,6000,1.9
2026-05-01,fitness tracker reviews,5,477,29,0.0613,14000,2.0
2026-05-01,seo tools 2026,27,271,3,0.0113,8000,4.2
2026-05-01,standing desk review,6,377,19,0.0514,11000,2.8
2026-05-01,home office setup,16,251,4,0.0188,7500,1.5
2026-05-02,best laptops 2026,2,594,88,0.1487,18000,2.5
2026-05-02,vpn comparison,11,788,23,0.0293,22000,3.1
2026-05-02,budget meal prep,8,317,11,0.0376,9500,0.8
2026-05-02,remote work accessories,16,219,4,0.0206,6000,1.9
2026-05-02,fitness tracker reviews,5,472,28,0.0607,14000,2.0
2026-05-02,seo tools 2026,23,280,3,0.0137,8000,4.2
2026-05-02,standing desk review,9,343,10,0.0313,11000,2.8
2026-05-02,home office setup,15,244,4,0.0196,7500,1.5
2026-05-03,best laptops 2026,4,632,49,0.0791,18000,2.5
2026-05-03,vpn comparison,13,727,16,0.0229,22000,3.1
2026-05-03,budget meal prep,5,303,17,0.0575,9500,0.8
2026-05-03,remote work accessories,17,207,3,0.0183,6000,1.9
2026-05-03,fitness tracker reviews,4,463,34,0.0745,14000,2.0
2026-05-03,seo tools 2026,27,244,2,0.0102,8000,4.2
2026-05-03,standing desk review,10,338,9,0.0277,11000,2.8
2026-05-03,home office setup,17,271,5,0.0192,7500,1.5
2026-05-04,best laptops 2026,5,556,30,0.0556,18000,2.5
2026-05-04,vpn comparison,10,707,20,0.0289,22000,3.1
2026-05-04,budget meal prep,9,296,9,0.0312,9500,0.8
2026-05-04,remote work accessories,17,215,4,0.019,6000,1.9
2026-05-04,fitness tracker reviews,1,502,162,0.323,14000,2.0
2026-05-04,seo tools 2026,24,253,3,0.0119,8000,4.2
2026-05-04,standing desk review,6,382,19,0.0522,11000,2.8
2026-05-04,home office setup,16,229,3,0.0172,7500,1.5
2026-05-05,best laptops 2026,2,616,94,0.154,18000,2.5
2026-05-05,vpn comparison,13,736,17,0.0232,22000,3.1
2026-05-05,budget meal prep,9,331,11,0.0348,9500,0.8
2026-05-05,remote work accessories,17,204,3,0.018,6000,1.9
2026-05-05,fitness tracker reviews,4,455,33,0.0732,14000,2.0
2026-05-05,seo tools 2026,24,242,2,0.0114,8000,4.2
2026-05-05,standing desk review,10,396,12,0.0325,11000,2.8
2026-05-05,home office setup,14,268,6,0.023,7500,1.5
2026-05-06,best laptops 2026,3,559,52,0.0932,18000,2.5
2026-05-06,vpn comparison,10,686,19,0.0281,22000,3.1
2026-05-06,budget meal prep,7,311,13,0.0422,9500,0.8
2026-05-06,remote work accessories,19,209,3,0.0165,6000,1.9
2026-05-06,fitness tracker reviews,2,446,64,0.1437,14000,2.0
2026-05-06,seo tools 2026,24,246,2,0.0115,8000,4.2
2026-05-06,standing desk review,6,400,21,0.0546,11000,2.8
2026-05-06,home office setup,15,256,5,0.0205,7500,1.5
2026-05-07,best laptops 2026,5,541,29,0.0541,18000,2.5
2026-05-07,vpn comparison,14,785,18,0.023,22000,3.1
2026-05-07,budget meal prep,9,336,11,0.0354,9500,0.8
2026-05-07,remote work accessories,17,215,4,0.019,6000,1.9
2026-05-07,fitness tracker reviews,4,440,31,0.0708,14000,2.0
2026-05-07,seo tools 2026,26,264,3,0.0114,8000,4.2
2026-05-07,standing desk review,10,335,9,0.0275,11000,2.8
2026-05-07,home office setup,17,225,3,0.0159,7500,1.5
2026-05-08,best laptops 2026,6,573,27,0.0478,18000,2.5
2026-05-08,vpn comparison,11,780,22,0.029,22000,3.1
2026-05-08,budget meal prep,6,288,13,0.0455,9500,0.8
2026-05-08,remote work accessories,18,182,2,0.0152,6000,1.9
2026-05-08,fitness tracker reviews,1,423,115,0.2722,14000,2.0
2026-05-08,seo tools 2026,27,275,3,0.0115,8000,4.2
2026-05-08,standing desk review,6,351,16,0.048,11000,2.8
2026-05-08,home office setup,16,227,3,0.0171,7500,1.5
2026-05-09,best laptops 2026,3,659,72,0.1099,18000,2.5
2026-05-09,vpn comparison,14,758,16,0.0222,22000,3.1
2026-05-09,budget meal prep,9,326,11,0.0344,9500,0.8
2026-05-09,remote work accessories,20,202,3,0.0152,6000,1.9
2026-05-09,fitness tracker reviews,4,436,30,0.0702,14000,2.0
2026-05-09,seo tools 2026,25,279,3,0.0126,8000,4.2
2026-05-09,standing desk review,6,398,21,0.0543,11000,2.8
2026-05-09,home office setup,15,263,5,0.0211,7500,1.5
2026-05-10,best laptops 2026,5,584,34,0.0584,18000,2.5
2026-05-10,vpn comparison,13,780,19,0.0246,22000,3.1
2026-05-10,budget meal prep,5,338,21,0.0641,9500,0.8
2026-05-10,remote work accessories,17,191,3,0.0169,6000,1.9
2026-05-10,fitness tracker reviews,3,431,39,0.0924,14000,2.0
2026-05-10,seo tools 2026,26,257,2,0.0111,8000,4.2
2026-05-10,standing desk review,7,368,15,0.0431,11000,2.8
2026-05-10,home office setup,13,255,6,0.0236,7500,1.5
2026-05-11,best laptops 2026,6,608,30,0.0507,18000,2.5
2026-05-11,vpn comparison,13,804,20,0.0253,22000,3.1
2026-05-11,budget meal prep,9,330,11,0.0348,9500,0.8
2026-05-11,remote work accessories,18,217,3,0.0181,6000,1.9
2026-05-11,fitness tracker reviews,3,459,45,0.0985,14000,2.0
2026-05-11,seo tools 2026,27,253,2,0.0106,8000,4.2
2026-05-11,standing desk review,8,402,16,0.0412,11000,2.8
2026-05-11,home office setup,17,271,5,0.0192,7500,1.5
2026-05-12,best laptops 2026,6,607,30,0.0506,18000,2.5
2026-05-12,vpn comparison,13,766,18,0.0241,22000,3.1
2026-05-12,budget meal prep,6,316,15,0.0499,9500,0.8
2026-05-12,remote work accessories,17,215,4,0.019,6000,1.9
2026-05-12,fitness tracker reviews,2,486,75,0.1563,14000,2.0
2026-05-12,seo tools 2026,23,240,2,0.0117,8000,4.2
2026-05-12,standing desk review,6,364,18,0.0496,11000,2.8
2026-05-12,home office setup,14,261,5,0.0224,7500,1.5
2026-05-13,best laptops 2026,5,635,40,0.0636,18000,2.5
2026-05-13,vpn comparison,12,720,17,0.0246,22000,3.1
2026-05-13,budget meal prep,6,307,14,0.0485,9500,0.8
2026-05-13,remote work accessories,17,180,2,0.0159,6000,1.9
2026-05-13,fitness tracker reviews,3,484,50,0.1038,14000,2.0
2026-05-13,seo tools 2026,25,282,3,0.0127,8000,4.2
2026-05-13,standing desk review,10,352,10,0.0288,11000,2.8
2026-05-13,home office setup,13,241,5,0.0223,7500,1.5
2026-05-14,best laptops 2026,4,553,38,0.0692,18000,2.5
2026-05-14,vpn comparison,14,710,14,0.0207,22000,3.1
2026-05-14,budget meal prep,5,324,19,0.0614,9500,0.8
2026-05-14,remote work accessories,17,213,4,0.0188,6000,1.9
2026-05-14,fitness tracker reviews,3,450,43,0.0966,14000,2.0
2026-05-14,seo tools 2026,26,289,3,0.0125,8000,4.2
2026-05-14,standing desk review,6,397,21,0.0542,11000,2.8
2026-05-14,home office setup,16,257,4,0.0193,7500,1.5
2026-05-15,best laptops 2026,5,558,31,0.0559,18000,2.5
2026-05-15,vpn comparison,14,790,18,0.0231,22000,3.1
2026-05-15,budget meal prep,8,341,13,0.0405,9500,0.8
2026-05-15,remote work accessories,19,211,3,0.0167,6000,1.9
2026-05-15,fitness tracker reviews,1,506,164,0.3257,14000,2.0
2026-05-15,seo tools 2026,25,284,3,0.0128,8000,4.2
2026-05-15,standing desk review,8,371,14,0.038,11000,2.8
2026-05-15,home office setup,13,252,5,0.0233,7500,1.5
2026-05-16,best laptops 2026,4,564,39,0.0706,18000,2.5
2026-05-16,vpn comparison,12,777,20,0.0265,22000,3.1
2026-05-16,budget meal prep,6,289,13,0.0457,9500,0.8
2026-05-16,remote work accessories,16,191,3,0.0179,6000,1.9
2026-05-16,fitness tracker reviews,4,451,32,0.0726,14000,2.0
2026-05-16,seo tools 2026,24,273,3,0.0128,8000,4.2
2026-05-16,standing desk review,9,371,12,0.0338,11000,2.8
2026-05-16,home office setup,13,234,5,0.0216,7500,1.5
2026-05-17,best laptops 2026,4,643,51,0.0805,18000,2.5
2026-05-17,vpn comparison,12,763,19,0.026,22000,3.1
2026-05-17,budget meal prep,7,329,14,0.0447,9500,0.8
2026-05-17,remote work accessories,19,196,3,0.0155,6000,1.9
2026-05-17,fitness tracker reviews,3,501,53,0.1075,14000,2.0
2026-05-17,seo tools 2026,25,264,3,0.0119,8000,4.2
2026-05-17,standing desk review,8,345,12,0.0354,11000,2.8
2026-05-17,home office setup,15,233,4,0.0187,7500,1.5
2026-05-18,best laptops 2026,3,634,67,0.1057,18000,2.5
2026-05-18,vpn comparison,13,793,19,0.025,22000,3.1
2026-05-18,budget meal prep,8,317,11,0.0375,9500,0.8
2026-05-18,remote work accessories,17,216,4,0.0191,6000,1.9
2026-05-18,fitness tracker reviews,4,437,30,0.0704,14000,2.0
2026-05-18,seo tools 2026,27,279,3,0.0116,8000,4.2
2026-05-18,standing desk review,8,352,12,0.0361,11000,2.8
2026-05-18,home office setup,13,232,4,0.0214,7500,1.5
2026-05-19,best laptops 2026,6,638,33,0.0532,18000,2.5
2026-05-19,vpn comparison,11,759,21,0.0282,22000,3.1
2026-05-19,budget meal prep,5,297,16,0.0565,9500,0.8
2026-05-19,remote work accessories,20,198,2,0.0149,6000,1.9
2026-05-19,fitness tracker reviews,3,430,39,0.0923,14000,2.0
2026-05-19,seo tools 2026,27,289,3,0.0121,8000,4.2
2026-05-19,standing desk review,8,393,15,0.0403,11000,2.8
2026-05-19,home office setup,13,248,5,0.0229,7500,1.5
2026-05-20,best laptops 2026,4,552,38,0.069,18000,2.5
2026-05-20,vpn comparison,12,663,14,0.0226,22000,3.1
2026-05-20,budget meal prep,6,325,16,0.0514,9500,0.8
2026-05-20,remote work accessories,17,192,3,0.017,6000,1.9
2026-05-20,fitness tracker reviews,5,446,25,0.0574,14000,2.0
2026-05-20,seo tools 2026,26,257,2,0.0111,8000,4.2
2026-05-20,standing desk review,8,379,14,0.0388,11000,2.8
2026-05-20,home office setup,15,232,4,0.0186,7500,1.5
2026-05-21,best laptops 2026,6,553,25,0.0461,18000,2.5
2026-05-21,vpn comparison,10,742,22,0.0304,22000,3.1
2026-05-21,budget meal prep,7,298,12,0.0403,9500,0.8
2026-05-21,remote work accessories,18,201,3,0.0168,6000,1.9
2026-05-21,fitness tracker reviews,3,433,40,0.0928,14000,2.0
2026-05-21,seo tools 2026,24,270,3,0.0127,8000,4.2
2026-05-21,standing desk review,10,335,9,0.0274,11000,2.8
2026-05-21,home office setup,17,269,5,0.019,7500,1.5
2026-05-22,best laptops 2026,3,593,58,0.0989,18000,2.5
2026-05-22,vpn comparison,10,664,18,0.0272,22000,3.1
2026-05-22,budget meal prep,5,291,16,0.0553,9500,0.8
2026-05-22,remote work accessories,19,183,2,0.0145,6000,1.9
2026-05-22,fitness tracker reviews,5,436,24,0.0561,14000,2.0
2026-05-22,seo tools 2026,26,287,3,0.0124,8000,4.2
2026-05-22,standing desk review,8,375,14,0.0384,11000,2.8
2026-05-22,home office setup,14,241,4,0.0207,7500,1.5
2026-05-23,best laptops 2026,6,625,32,0.0521,18000,2.5
2026-05-23,vpn comparison,13,671,14,0.0211,22000,3.1
2026-05-23,budget meal prep,5,320,19,0.0608,9500,0.8
2026-05-23,remote work accessories,19,212,3,0.0168,6000,1.9
2026-05-23,fitness tracker reviews,3,429,39,0.0919,14000,2.0
2026-05-23,seo tools 2026,26,276,3,0.012,8000,4.2
2026-05-23,standing desk review,7,364,15,0.0426,11000,2.8
2026-05-23,home office setup,17,232,3,0.0164,7500,1.5
2026-05-24,best laptops 2026,4,570,40,0.0714,18000,2.5
2026-05-24,vpn comparison,12,717,17,0.0245,22000,3.1
2026-05-24,budget meal prep,7,334,15,0.0453,9500,0.8
2026-05-24,remote work accessories,16,198,3,0.0186,6000,1.9
2026-05-24,fitness tracker reviews,1,426,116,0.2739,14000,2.0
2026-05-24,seo tools 2026,26,258,2,0.0112,8000,4.2
2026-05-24,standing desk review,8,392,15,0.0401,11000,2.8
2026-05-24,home office setup,17,263,4,0.0186,7500,1.5
2026-05-25,best laptops 2026,6,608,30,0.0507,18000,2.5
2026-05-25,vpn comparison,10,675,18,0.0276,22000,3.1
2026-05-25,budget meal prep,5,305,17,0.0579,9500,0.8
2026-05-25,remote work accessories,20,211,3,0.0159,6000,1.9
2026-05-25,fitness tracker reviews,5,463,27,0.0595,14000,2.0
2026-05-25,seo tools 2026,27,262,2,0.0109,8000,4.2
2026-05-25,standing desk review,7,347,14,0.0407,11000,2.8
2026-05-25,home office setup,16,273,5,0.0205,7500,1.5
2026-05-26,best laptops 2026,3,547,49,0.0913,18000,2.5
2026-05-26,vpn comparison,14,779,17,0.0228,22000,3.1
2026-05-26,budget meal prep,8,312,11,0.037,9500,0.8
2026-05-26,remote work accessories,18,202,3,0.0169,6000,1.9
2026-05-26,fitness tracker reviews,2,470,71,0.1513,14000,2.0
2026-05-26,seo tools 2026,23,249,3,0.0122,8000,4.2
2026-05-26,standing desk review,10,384,12,0.0314,11000,2.8
2026-05-26,home office setup,13,266,6,0.0246,7500,1.5
2026-05-27,best laptops 2026,5,611,37,0.0611,18000,2.5
2026-05-27,vpn comparison,10,707,20,0.029,22000,3.1
2026-05-27,budget meal prep,6,337,17,0.0532,9500,0.8
2026-05-27,remote work accessories,19,192,2,0.0152,6000,1.9
2026-05-27,fitness tracker reviews,1,426,116,0.2742,14000,2.0
2026-05-27,seo tools 2026,27,276,3,0.0115,8000,4.2
2026-05-27,standing desk review,9,386,13,0.0351,11000,2.8
2026-05-27,home office setup,13,241,5,0.0223,7500,1.5
2026-05-28,best laptops 2026,3,550,50,0.0918,18000,2.5
2026-05-28,vpn comparison,10,790,25,0.0323,22000,3.1
2026-05-28,budget meal prep,6,332,17,0.0526,9500,0.8
2026-05-28,remote work accessories,18,198,3,0.0165,6000,1.9
2026-05-28,fitness tracker reviews,5,456,26,0.0587,14000,2.0
2026-05-28,seo tools 2026,24,263,3,0.0124,8000,4.2
2026-05-28,standing desk review,8,379,14,0.0389,11000,2.8
2026-05-28,home office setup,15,239,4,0.0192,7500,1.5
2026-05-29,best laptops 2026,5,650,42,0.065,18000,2.5
2026-05-29,vpn comparison,12,765,19,0.0261,22000,3.1
2026-05-29,budget meal prep,9,347,12,0.0366,9500,0.8
2026-05-29,remote work accessories,20,180,2,0.0135,6000,1.9
2026-05-29,fitness tracker reviews,2,457,67,0.1471,14000,2.0
2026-05-29,seo tools 2026,23,285,3,0.014,8000,4.2
2026-05-29,standing desk review,10,357,10,0.0292,11000,2.8
2026-05-29,home office setup,13,273,6,0.0252,7500,1.5
